46399,2014-05-09T00:00:00.000+05:30,3
9977,2013-09-25T00:00:00.000+05:30,7
35559,2014-03-01T00:00:00.000+05:30,7
39456,2014-03-26T00:00:00.000+05:30,7
7688,2013-09-10T00:00:00.000+05:30,8
56977,2014-07-20T00:00:00.000+05:30,21
39809,2014-03-28T00:00:00.000+05:30,24
42517,2014-04-12T00:00:00.000+05:30,34
49665,2014-05-31T00:00:00.000+05:30,35
67819,2013-11-18T00:00:00.000+05:30,41
11714,2013-10-05T00:00:00.000+05:30,66
62661,2014-01-27T00:00:00.000+05:30,69
8286,2013-09-14T00:00:00.000+05:30,72
46392,2014-05-09T00:00:00.000+05:30,72
55618,2014-07-12T00:00:00.000+05:30,72
19105,2013-11-20T00:00:00.000+05:30,87
18959,2013-11-20T00:00:00.000+05:30,89
40700,2014-04-02T00:00:00.000+05:30,89
3511,2013-08-14T00:00:00.000+05:30,96
19821,2013-11-24T00:00:00.000+05:30,96
15045,2013-10-28T00:00:00.000+05:30,100
14471,2013-10-24T00:00:00.000+05:30,116
11745,2013-10-05T00:00:00.000+05:30,134
34716,2014-02-24T00:00:00.000+05:30,137
7714,2013-09-10T00:00:00.000+05:30,139
3279,2013-08-12T00:00:00.000+05:30,142
18875,2013-11-19T00:00:00.000+05:30,142
19923,2013-11-25T00:00:00.000+05:30,145
50449,2014-06-06T00:00:00.000+05:30,147
45374,2014-05-02T00:00:00.000+05:30,154
2608,2013-08-08T00:00:00.000+05:30,160
39050,2014-03-22T00:00:00.000+05:30,162
58137,2013-08-09T00:00:00.000+05:30,174
61227,2013-12-05T00:00:00.000+05:30,174
7029,2013-09-06T00:00:00.000+05:30,182
15628,2013-11-01T00:00:00.000+05:30,193
24972,2013-12-26T00:00:00.000+05:30,206
40469,2014-04-01T00:00:00.000+05:30,207
7530,2013-09-09T00:00:00.000+05:30,214
2953,2013-08-10T00:00:00.000+05:30,215
48782,2014-05-24T00:00:00.000+05:30,230
150,2013-07-26T00:00:00.000+05:30,236
52822,2014-06-22T00:00:00.000+05:30,236
7051,2013-09-07T00:00:00.000+05:30,240
39814,2014-03-28T00:00:00.000+05:30,242
13339,2013-10-15T00:00:00.000+05:30,258
13034,2013-10-13T00:00:00.000+05:30,272
24299,2013-12-22T00:00:00.000+05:30,272
61164,2013-12-03T00:00:00.000+05:30,276
68771,2013-12-18T00:00:00.000+05:30,283
43805,2014-04-22T00:00:00.000+05:30,287
17076,2013-11-08T00:00:00.000+05:30,289
46271,2014-05-07T00:00:00.000+05:30,290
58947,2013-09-09T00:00:00.000+05:30,290
14014,2013-10-20T00:00:00.000+05:30,318
58572,2013-08-25T00:00:00.000+05:30,319
49469,2014-05-29T00:00:00.000+05:30,322
58723,2013-08-31T00:00:00.000+05:30,322
41291,2014-04-04T00:00:00.000+05:30,325
60003,2013-10-20T00:00:00.000+05:30,329
17346,2013-11-10T00:00:00.000+05:30,332
43473,2014-04-20T00:00:00.000+05:30,345
3747,2013-08-15T00:00:00.000+05:30,354
16425,2013-11-05T00:00:00.000+05:30,354
47968,2014-05-18T00:00:00.000+05:30,354
66135,2014-06-09T00:00:00.000+05:30,354
4275,2013-08-19T00:00:00.000+05:30,359
54395,2014-07-03T00:00:00.000+05:30,359
67159,2014-07-16T00:00:00.000+05:30,359
43991,2014-04-23T00:00:00.000+05:30,368
64529,2014-04-10T00:00:00.000+05:30,376
68766,2013-12-10T00:00:00.000+05:30,382
64925,2014-04-24T00:00:00.000+05:30,386
55278,2014-07-09T00:00:00.000+05:30,398
7677,2013-09-10T00:00:00.000+05:30,401
26084,2014-01-03T00:00:00.000+05:30,401
53773,2014-06-28T00:00:00.000+05:30,405
55523,2014-07-11T00:00:00.000+05:30,405
26987,2014-01-09T00:00:00.000+05:30,410
49269,2014-05-28T00:00:00.000+05:30,410
2936,2013-08-10T00:00:00.000+05:30,422
26643,2014-01-06T00:00:00.000+05:30,422
49722,2014-05-31T00:00:00.000+05:30,422
13322,2013-10-15T00:00:00.000+05:30,425
29146,2014-01-21T00:00:00.000+05:30,425
51932,2014-06-15T00:00:00.000+05:30,442
63535,2014-03-01T00:00:00.000+05:30,448
66799,2014-07-01T00:00:00.000+05:30,448
59722,2013-10-10T00:00:00.000+05:30,449
48473,2014-05-21T00:00:00.000+05:30,450
6349,2013-09-03T00:00:00.000+05:30,460
57459,2014-07-22T00:00:00.000+05:30,490
16680,2013-11-06T00:00:00.000+05:30,495
59132,2013-09-16T00:00:00.000+05:30,501
377,2013-07-27T00:00:00.000+05:30,514
17612,2013-11-11T00:00:00.000+05:30,514
55847,2014-07-13T00:00:00.000+05:30,517
59193,2013-09-19T00:00:00.000+05:30,530
37837,2014-03-15T00:00:00.000+05:30,538
4550,2013-08-22T00:00:00.000+05:30,549
10309,2013-09-26T00:00:00.000+05:30,557
67847,2013-11-24T00:00:00.000+05:30,557
33731,2014-02-18T00:00:00.000+05:30,565
50877,2014-06-09T00:00:00.000+05:30,577
51552,2014-06-13T00:00:00.000+05:30,590
60392,2013-11-05T00:00:00.000+05:30,590
66813,2014-07-02T00:00:00.000+05:30,590
24707,2013-12-25T00:00:00.000+05:30,596
67956,2013-12-27T00:00:00.000+05:30,596
32947,2014-02-13T00:00:00.000+05:30,610
19046,2013-11-20T00:00:00.000+05:30,614
50677,2014-06-08T00:00:00.000+05:30,625
10180,2013-09-26T00:00:00.000+05:30,626
15446,2013-10-31T00:00:00.000+05:30,630
60901,2013-11-24T00:00:00.000+05:30,630
61231,2013-12-06T00:00:00.000+05:30,635
49490,2014-05-29T00:00:00.000+05:30,642
58855,2013-09-05T00:00:00.000+05:30,649
10324,2013-09-27T00:00:00.000+05:30,670
23659,2013-12-19T00:00:00.000+05:30,670
21181,2013-12-02T00:00:00.000+05:30,682
56230,2014-07-15T00:00:00.000+05:30,682
60659,2013-11-16T00:00:00.000+05:30,689
25091,2013-12-27T00:00:00.000+05:30,690
40555,2014-04-01T00:00:00.000+05:30,697
61228,2013-12-05T00:00:00.000+05:30,697
31328,2014-02-03T00:00:00.000+05:30,699
5650,2013-08-29T00:00:00.000+05:30,700
4156,2013-08-18T00:00:00.000+05:30,733
42678,2014-04-14T00:00:00.000+05:30,733
30317,2014-01-29T00:00:00.000+05:30,757
1073,2013-07-30T00:00:00.000+05:30,780
61626,2013-12-20T00:00:00.000+05:30,780
68026,2014-01-18T00:00:00.000+05:30,781
433,2013-07-27T00:00:00.000+05:30,792
1644,2013-08-02T00:00:00.000+05:30,792
42213,2014-04-11T00:00:00.000+05:30,800
6199,2013-09-02T00:00:00.000+05:30,812
65366,2014-05-10T00:00:00.000+05:30,812
49536,2014-05-30T00:00:00.000+05:30,818
1928,2013-08-04T00:00:00.000+05:30,872
39431,2014-03-26T00:00:00.000+05:30,872
39701,2014-03-27T00:00:00.000+05:30,872
30590,2014-01-31T00:00:00.000+05:30,878
13938,2013-10-20T00:00:00.000+05:30,884
3492,2013-08-14T00:00:00.000+05:30,888
66709,2014-06-28T00:00:00.000+05:30,888
3212,2013-08-12T00:00:00.000+05:30,889
38632,2014-03-20T00:00:00.000+05:30,893
19671,2013-11-24T00:00:00.000+05:30,925
30206,2014-01-28T00:00:00.000+05:30,930
67629,2013-09-17T00:00:00.000+05:30,931
55203,2014-07-09T00:00:00.000+05:30,949
32142,2014-02-09T00:00:00.000+05:30,952
10212,2013-09-26T00:00:00.000+05:30,959
32565,2014-02-11T00:00:00.000+05:30,962
10670,2013-09-28T00:00:00.000+05:30,986
28213,2014-01-15T00:00:00.000+05:30,991
12861,2013-10-12T00:00:00.000+05:30,1005
22740,2013-12-11T00:00:00.000+05:30,1008
35901,2014-03-03T00:00:00.000+05:30,1008
57833,2013-07-27T00:00:00.000+05:30,1011
64624,2014-04-13T00:00:00.000+05:30,1011
26662,2014-01-06T00:00:00.000+05:30,1027
14392,2013-10-23T00:00:00.000+05:30,1039
2988,2013-08-10T00:00:00.000+05:30,1056
18308,2013-11-14T00:00:00.000+05:30,1074
27043,2014-01-09T00:00:00.000+05:30,1078
47435,2014-05-14T00:00:00.000+05:30,1078
61478,2013-12-15T00:00:00.000+05:30,1078
25760,2013-12-31T00:00:00.000+05:30,1080
61916,2014-01-01T00:00:00.000+05:30,1133
66844,2014-07-04T00:00:00.000+05:30,1133
36853,2014-03-08T00:00:00.000+05:30,1168
23829,2013-12-20T00:00:00.000+05:30,1172
1263,2013-07-31T00:00:00.000+05:30,1174
42303,2014-04-11T00:00:00.000+05:30,1174
59762,2013-10-11T00:00:00.000+05:30,1174
36165,2014-03-04T00:00:00.000+05:30,1180
65038,2014-04-27T00:00:00.000+05:30,1189
63483,2014-02-27T00:00:00.000+05:30,1193
5111,2013-08-25T00:00:00.000+05:30,1207
26485,2014-01-05T00:00:00.000+05:30,1207
67606,2013-09-11T00:00:00.000+05:30,1207
17936,2013-11-13T00:00:00.000+05:30,1216
5780,2013-08-29T00:00:00.000+05:30,1224
34267,2014-02-20T00:00:00.000+05:30,1224
21446,2013-12-04T00:00:00.000+05:30,1227
20115,2013-11-27T00:00:00.000+05:30,1232
18554,2013-11-17T00:00:00.000+05:30,1233
27189,2014-01-10T00:00:00.000+05:30,1233
10195,2013-09-26T00:00:00.000+05:30,1234
21872,2013-12-06T00:00:00.000+05:30,1234
11841,2013-10-05T00:00:00.000+05:30,1242
66840,2014-07-04T00:00:00.000+05:30,1248
37100,2014-03-10T00:00:00.000+05:30,1265
48794,2014-05-24T00:00:00.000+05:30,1265
67607,2013-09-11T00:00:00.000+05:30,1271
29265,2014-01-21T00:00:00.000+05:30,1274
44902,2014-04-29T00:00:00.000+05:30,1274
5440,2013-08-27T00:00:00.000+05:30,1291
19159,2013-11-21T00:00:00.000+05:30,1291
64538,2014-04-10T00:00:00.000+05:30,1291
68769,2013-12-13T00:00:00.000+05:30,1296
14265,2013-10-23T00:00:00.000+05:30,1309
22968,2013-12-13T00:00:00.000+05:30,1311
7249,2013-09-08T00:00:00.000+05:30,1323
41758,2014-04-08T00:00:00.000+05:30,1323
45380,2014-05-02T00:00:00.000+05:30,1326
67237,2014-07-18T00:00:00.000+05:30,1374
23967,2013-12-21T00:00:00.000+05:30,1383
42026,2014-04-10T00:00:00.000+05:30,1383
47150,2014-05-13T00:00:00.000+05:30,1383
50884,2014-06-09T00:00:00.000+05:30,1389
14718,2013-10-26T00:00:00.000+05:30,1391
35469,2014-02-28T00:00:00.000+05:30,1393
36856,2014-03-08T00:00:00.000+05:30,1393
54937,2014-07-07T00:00:00.000+05:30,1412
47259,2014-05-13T00:00:00.000+05:30,1413
5100,2013-08-25T00:00:00.000+05:30,1415
20082,2013-11-26T00:00:00.000+05:30,1415
3555,2013-08-14T00:00:00.000+05:30,1482
14423,2013-10-23T00:00:00.000+05:30,1482
56775,2014-07-19T00:00:00.000+05:30,1482
10894,2013-09-30T00:00:00.000+05:30,1486
5771,2013-08-29T00:00:00.000+05:30,1494
15433,2013-10-31T00:00:00.000+05:30,1494
58085,2013-08-07T00:00:00.000+05:30,1501
63762,2014-03-11T00:00:00.000+05:30,1501
3190,2013-08-12T00:00:00.000+05:30,1502
43591,2014-04-21T00:00:00.000+05:30,1502
36713,2014-03-07T00:00:00.000+05:30,1511
45376,2014-05-02T00:00:00.000+05:30,1511
59745,2013-10-11T00:00:00.000+05:30,1514
29703,2014-01-24T00:00:00.000+05:30,1516
1438,2013-08-01T00:00:00.000+05:30,1523
44668,2014-04-27T00:00:00.000+05:30,1523
15037,2013-10-28T00:00:00.000+05:30,1527
29313,2014-01-22T00:00:00.000+05:30,1528
40432,2014-03-31T00:00:00.000+05:30,1530
20428,2013-11-28T00:00:00.000+05:30,1537
42243,2014-04-11T00:00:00.000+05:30,1537
31832,2014-02-07T00:00:00.000+05:30,1558
64611,2014-04-12T00:00:00.000+05:30,1560
41224,2014-04-04T00:00:00.000+05:30,1563
32992,2014-02-13T00:00:00.000+05:30,1564
23011,2013-12-14T00:00:00.000+05:30,1568
517,2013-07-28T00:00:00.000+05:30,1578
22030,2013-12-07T00:00:00.000+05:30,1578
66408,2014-06-18T00:00:00.000+05:30,1589
48813,2014-05-24T00:00:00.000+05:30,1594
39000,2014-03-22T00:00:00.000+05:30,1605
52873,2014-06-22T00:00:00.000+05:30,1608
46615,2014-05-10T00:00:00.000+05:30,1634
48944,2014-05-25T00:00:00.000+05:30,1644
4757,2013-08-23T00:00:00.000+05:30,1659
7112,2013-09-07T00:00:00.000+05:30,1667
3969,2013-08-17T00:00:00.000+05:30,1679
68377,2014-04-23T00:00:00.000+05:30,1679
33553,2014-02-17T00:00:00.000+05:30,1684
36323,2014-03-05T00:00:00.000+05:30,1684
11198,2013-10-02T00:00:00.000+05:30,1701
30128,2014-01-28T00:00:00.000+05:30,1716
43980,2014-04-23T00:00:00.000+05:30,1723
47203,2014-05-13T00:00:00.000+05:30,1723
44604,2014-04-27T00:00:00.000+05:30,1739
8041,2013-09-13T00:00:00.000+05:30,1749
59572,2013-10-03T00:00:00.000+05:30,1750
38158,2014-03-16T00:00:00.000+05:30,1761
68625,2014-07-02T00:00:00.000+05:30,1765
24638,2013-12-25T00:00:00.000+05:30,1774
6549,2013-09-04T00:00:00.000+05:30,1778
56078,2014-07-15T00:00:00.000+05:30,1792
23668,2013-12-19T00:00:00.000+05:30,1793
10392,2013-09-27T00:00:00.000+05:30,1794
19481,2013-11-23T00:00:00.000+05:30,1801
30713,2014-01-31T00:00:00.000+05:30,1801
52668,2014-06-20T00:00:00.000+05:30,1801
45054,2014-04-29T00:00:00.000+05:30,1818
19177,2013-11-21T00:00:00.000+05:30,1820
12508,2013-10-09T00:00:00.000+05:30,1822
34856,2014-02-25T00:00:00.000+05:30,1822
17470,2013-11-10T00:00:00.000+05:30,1828
35782,2014-03-01T00:00:00.000+05:30,1828
14433,2013-10-23T00:00:00.000+05:30,1833
60206,2013-10-30T00:00:00.000+05:30,1833
27199,2014-01-10T00:00:00.000+05:30,1845
17186,2013-11-09T00:00:00.000+05:30,1846
30730,2014-01-31T00:00:00.000+05:30,1852
65205,2014-05-04T00:00:00.000+05:30,1857
15170,2013-10-29T00:00:00.000+05:30,1858
66515,2014-06-21T00:00:00.000+05:30,1858
11089,2013-10-01T00:00:00.000+05:30,1872
49979,2014-06-02T00:00:00.000+05:30,1890
58106,2013-08-08T00:00:00.000+05:30,1890
66599,2014-06-24T00:00:00.000+05:30,1898
9954,2013-09-25T00:00:00.000+05:30,1916
26827,2014-01-07T00:00:00.000+05:30,1916
59643,2013-10-06T00:00:00.000+05:30,1916
29021,2014-01-20T00:00:00.000+05:30,1924
66676,2014-06-27T00:00:00.000+05:30,1939
53914,2014-06-30T00:00:00.000+05:30,1947
63226,2014-02-16T00:00:00.000+05:30,1951
4487,2013-08-21T00:00:00.000+05:30,1975
30335,2014-01-29T00:00:00.000+05:30,1975
49316,2014-05-28T00:00:00.000+05:30,1975
61180,2013-12-04T00:00:00.000+05:30,1978
13786,2013-10-19T00:00:00.000+05:30,1979
23389,2013-12-17T00:00:00.000+05:30,1979
32669,2014-02-11T00:00:00.000+05:30,1983
30585,2014-01-31T00:00:00.000+05:30,1984
65021,2014-04-27T00:00:00.000+05:30,1986
1860,2013-08-03T00:00:00.000+05:30,1994
1910,2013-08-04T00:00:00.000+05:30,2002
62918,2014-02-07T00:00:00.000+05:30,2002
47385,2014-05-14T00:00:00.000+05:30,2026
42882,2014-04-16T00:00:00.000+05:30,2041
52699,2014-06-20T00:00:00.000+05:30,2048
59837,2013-10-14T00:00:00.000+05:30,2049
7368,2013-09-08T00:00:00.000+05:30,2062
66435,2014-06-19T00:00:00.000+05:30,2062
66668,2014-06-27T00:00:00.000+05:30,2064
122,2013-07-26T00:00:00.000+05:30,2071
50517,2014-06-07T00:00:00.000+05:30,2071
56536,2014-07-18T00:00:00.000+05:30,2072
21729,2013-12-05T00:00:00.000+05:30,2077
41173,2014-04-04T00:00:00.000+05:30,2077
27868,2014-01-13T00:00:00.000+05:30,2078
12946,2013-10-12T00:00:00.000+05:30,2080
23730,2013-12-19T00:00:00.000+05:30,2087
50995,2014-06-09T00:00:00.000+05:30,2108
3267,2013-08-12T00:00:00.000+05:30,2110
36358,2014-03-05T00:00:00.000+05:30,2110
48595,2014-05-22T00:00:00.000+05:30,2110
12407,2013-10-08T00:00:00.000+05:30,2121
36560,2014-03-06T00:00:00.000+05:30,2121
41284,2014-04-04T00:00:00.000+05:30,2149
43964,2014-04-23T00:00:00.000+05:30,2149
19129,2013-11-21T00:00:00.000+05:30,2174
29329,2014-01-22T00:00:00.000+05:30,2176
47940,2014-05-18T00:00:00.000+05:30,2192
50988,2014-06-09T00:00:00.000+05:30,2195
55663,2014-07-12T00:00:00.000+05:30,2195
40572,2014-04-01T00:00:00.000+05:30,2196
7900,2013-09-12T00:00:00.000+05:30,2197
23955,2013-12-20T00:00:00.000+05:30,2198
7411,2013-09-09T00:00:00.000+05:30,2200
39269,2014-03-24T00:00:00.000+05:30,2207
11925,2013-10-06T00:00:00.000+05:30,2213
56626,2014-07-18T00:00:00.000+05:30,2229
19441,2013-11-23T00:00:00.000+05:30,2268
6125,2013-09-01T00:00:00.000+05:30,2269
1883,2013-08-03T00:00:00.000+05:30,2287
66298,2014-06-14T00:00:00.000+05:30,2287
29998,2014-01-27T00:00:00.000+05:30,2301
24003,2013-12-21T00:00:00.000+05:30,2310
18348,2013-11-15T00:00:00.000+05:30,2338
52485,2014-06-19T00:00:00.000+05:30,2354
27139,2014-01-09T00:00:00.000+05:30,2362
9697,2013-09-24T00:00:00.000+05:30,2367
28545,2014-01-17T00:00:00.000+05:30,2367
836,2013-07-29T00:00:00.000+05:30,2372
51101,2014-06-10T00:00:00.000+05:30,2401
13519,2013-10-16T00:00:00.000+05:30,2413
58766,2013-09-01T00:00:00.000+05:30,2416
61234,2013-12-06T00:00:00.000+05:30,2416
19651,2013-11-23T00:00:00.000+05:30,2419
17517,2013-11-11T00:00:00.000+05:30,2436
31432,2014-02-04T00:00:00.000+05:30,2436
62346,2014-01-18T00:00:00.000+05:30,2436
28868,2014-01-19T00:00:00.000+05:30,2437
17412,2013-11-10T00:00:00.000+05:30,2438
21625,2013-12-05T00:00:00.000+05:30,2438
28126,2014-01-15T00:00:00.000+05:30,2444
46127,2014-05-07T00:00:00.000+05:30,2444
424,2013-07-27T00:00:00.000+05:30,2457
3764,2013-08-16T00:00:00.000+05:30,2457
24840,2013-12-26T00:00:00.000+05:30,2464
46677,2014-05-10T00:00:00.000+05:30,2465
24799,2013-12-25T00:00:00.000+05:30,2481
57331,2014-07-21T00:00:00.000+05:30,2488
28567,2014-01-17T00:00:00.000+05:30,2502
55899,2014-07-13T00:00:00.000+05:30,2502
64151,2014-03-26T00:00:00.000+05:30,2502
54581,2014-07-05T00:00:00.000+05:30,2514
24012,2013-12-21T00:00:00.000+05:30,2519
37087,2014-03-10T00:00:00.000+05:30,2519
35313,2014-02-27T00:00:00.000+05:30,2525
51910,2014-06-15T00:00:00.000+05:30,2525
16563,2013-11-06T00:00:00.000+05:30,2547
60097,2013-10-24T00:00:00.000+05:30,2549
63182,2014-02-14T00:00:00.000+05:30,2553
27773,2014-01-13T00:00:00.000+05:30,2555
37382,2014-03-12T00:00:00.000+05:30,2573
28314,2014-01-15T00:00:00.000+05:30,2610
43718,2014-04-22T00:00:00.000+05:30,2624
65823,2014-05-28T00:00:00.000+05:30,2624
65014,2014-04-27T00:00:00.000+05:30,2641
22670,2013-12-11T00:00:00.000+05:30,2645
40483,2014-04-01T00:00:00.000+05:30,2646
49603,2014-05-31T00:00:00.000+05:30,2646
44779,2014-04-28T00:00:00.000+05:30,2647
62440,2014-01-21T00:00:00.000+05:30,2649
52787,2014-06-21T00:00:00.000+05:30,2660
63348,2014-02-22T00:00:00.000+05:30,2666
15755,2013-11-02T00:00:00.000+05:30,2688
55861,2014-07-13T00:00:00.000+05:30,2708
66327,2014-06-14T00:00:00.000+05:30,2708
48018,2014-05-18T00:00:00.000+05:30,2709
41913,2014-04-09T00:00:00.000+05:30,2748
24037,2013-12-21T00:00:00.000+05:30,2754
27681,2014-01-12T00:00:00.000+05:30,2754
43244,2014-04-19T00:00:00.000+05:30,2754
894,2013-07-30T00:00:00.000+05:30,2759
26107,2014-01-03T00:00:00.000+05:30,2759
8398,2013-09-15T00:00:00.000+05:30,2775
64871,2014-04-22T00:00:00.000+05:30,2782
40981,2014-04-03T00:00:00.000+05:30,2783
41722,2014-04-08T00:00:00.000+05:30,2783
8062,2013-09-13T00:00:00.000+05:30,2786
44699,2014-04-27T00:00:00.000+05:30,2819
5636,2013-08-28T00:00:00.000+05:30,2820
11382,2013-10-03T00:00:00.000+05:30,2823
62322,2014-01-17T00:00:00.000+05:30,2832
35715,2014-03-01T00:00:00.000+05:30,2842
17206,2013-11-09T00:00:00.000+05:30,2848
57664,2014-07-24T00:00:00.000+05:30,2857
60993,2013-11-26T00:00:00.000+05:30,2857
57765,2013-07-25T00:00:00.000+05:30,2876
52093,2014-06-16T00:00:00.000+05:30,2877
49746,2014-06-01T00:00:00.000+05:30,2881
54420,2014-07-03T00:00:00.000+05:30,2888
24390,2013-12-23T00:00:00.000+05:30,2893
480,2013-07-27T00:00:00.000+05:30,2902
35517,2014-02-28T00:00:00.000+05:30,2905
12585,2013-10-10T00:00:00.000+05:30,2915
26910,2014-01-08T00:00:00.000+05:30,2915
38680,2014-03-20T00:00:00.000+05:30,2915
14591,2013-10-25T00:00:00.000+05:30,2942
44694,2014-04-27T00:00:00.000+05:30,2951
868,2013-07-29T00:00:00.000+05:30,2957
19073,2013-11-20T00:00:00.000+05:30,2965
48896,2014-05-25T00:00:00.000+05:30,2972
64369,2014-04-05T00:00:00.000+05:30,2975
19660,2013-11-23T00:00:00.000+05:30,3007
47863,2014-05-17T00:00:00.000+05:30,3015
59534,2013-10-02T00:00:00.000+05:30,3016
23521,2013-12-18T00:00:00.000+05:30,3029
39307,2014-03-24T00:00:00.000+05:30,3029
11990,2013-10-06T00:00:00.000+05:30,3031
33493,2014-02-16T00:00:00.000+05:30,3034
62512,2014-01-23T00:00:00.000+05:30,3041
2077,2013-08-05T00:00:00.000+05:30,3050
31252,2014-02-03T00:00:00.000+05:30,3050
38001,2014-03-15T00:00:00.000+05:30,3053
40626,2014-04-01T00:00:00.000+05:30,3065
17987,2013-11-13T00:00:00.000+05:30,3068
31465,2014-02-04T00:00:00.000+05:30,3089
9759,2013-09-24T00:00:00.000+05:30,3098
13164,2013-10-13T00:00:00.000+05:30,3098
54747,2014-07-06T00:00:00.000+05:30,3106
43810,2014-04-22T00:00:00.000+05:30,3107
58612,2013-08-26T00:00:00.000+05:30,3107
205,2013-07-26T00:00:00.000+05:30,3109
1961,2013-08-04T00:00:00.000+05:30,3109
27116,2014-01-09T00:00:00.000+05:30,3109
27361,2014-01-11T00:00:00.000+05:30,3133
53686,2014-06-27T00:00:00.000+05:30,3133
59395,2013-09-27T00:00:00.000+05:30,3137
4977,2013-08-24T00:00:00.000+05:30,3140
55497,2014-07-11T00:00:00.000+05:30,3152
13304,2013-10-15T00:00:00.000+05:30,3153
21016,2013-12-01T00:00:00.000+05:30,3153
11051,2013-10-01T00:00:00.000+05:30,3154
51832,2014-06-14T00:00:00.000+05:30,3154
67508,2013-08-18T00:00:00.000+05:30,3174
4164,2013-08-18T00:00:00.000+05:30,3182
38211,2014-03-17T00:00:00.000+05:30,3193
11248,2013-10-02T00:00:00.000+05:30,3197
29428,2014-01-22T00:00:00.000+05:30,3208
40061,2014-03-30T00:00:00.000+05:30,3216
9645,2013-09-23T00:00:00.000+05:30,3220
17343,2013-11-10T00:00:00.000+05:30,3220
40272,2014-03-31T00:00:00.000+05:30,3235
54170,2014-07-02T00:00:00.000+05:30,3253
31412,2014-02-04T00:00:00.000+05:30,3271
65779,2014-05-26T00:00:00.000+05:30,3272
11658,2013-10-04T00:00:00.000+05:30,3274
59811,2013-10-13T00:00:00.000+05:30,3278
58367,2013-08-18T00:00:00.000+05:30,3279
41212,2014-04-04T00:00:00.000+05:30,3282
41949,2014-04-09T00:00:00.000+05:30,3282
42707,2014-04-15T00:00:00.000+05:30,3284
31938,2014-02-07T00:00:00.000+05:30,3291
56393,2014-07-16T00:00:00.000+05:30,3291
21559,2013-12-05T00:00:00.000+05:30,3316
23856,2013-12-20T00:00:00.000+05:30,3316
27765,2014-01-13T00:00:00.000+05:30,3337
48187,2014-05-20T00:00:00.000+05:30,3337
23203,2013-12-15T00:00:00.000+05:30,3341
18036,2013-11-13T00:00:00.000+05:30,3365
55112,2014-07-08T00:00:00.000+05:30,3365
27964,2014-01-14T00:00:00.000+05:30,3375
42747,2014-04-15T00:00:00.000+05:30,3375
63873,2014-03-15T00:00:00.000+05:30,3411
2820,2013-08-10T00:00:00.000+05:30,3419
4593,2013-08-22T00:00:00.000+05:30,3428
15872,2013-11-03T00:00:00.000+05:30,3428
23110,2013-12-15T00:00:00.000+05:30,3428
9262,2013-09-21T00:00:00.000+05:30,3440
66054,2014-06-05T00:00:00.000+05:30,3463
66936,2014-07-07T00:00:00.000+05:30,3466
61610,2013-12-20T00:00:00.000+05:30,3468
43270,2014-04-19T00:00:00.000+05:30,3483
66682,2014-06-27T00:00:00.000+05:30,3483
36034,2014-03-03T00:00:00.000+05:30,3485
28478,2014-01-16T00:00:00.000+05:30,3490
21173,2013-12-02T00:00:00.000+05:30,3492
18619,2013-11-17T00:00:00.000+05:30,3503
40095,2014-03-30T00:00:00.000+05:30,3503
65215,2014-05-04T00:00:00.000+05:30,3509
68807,2014-03-03T00:00:00.000+05:30,3509
44244,2014-04-25T00:00:00.000+05:30,3512
50088,2014-06-03T00:00:00.000+05:30,3523
40239,2014-03-31T00:00:00.000+05:30,3524
55341,2014-07-10T00:00:00.000+05:30,3524
13527,2013-10-16T00:00:00.000+05:30,3539
22898,2013-12-12T00:00:00.000+05:30,3545
54636,2014-07-05T00:00:00.000+05:30,3549
61008,2013-11-27T00:00:00.000+05:30,3550
43223,2014-04-18T00:00:00.000+05:30,3551
1759,2013-08-03T00:00:00.000+05:30,3567
29348,2014-01-22T00:00:00.000+05:30,3567
3723,2013-08-15T00:00:00.000+05:30,3574
16956,2013-11-07T00:00:00.000+05:30,3574
17762,2013-11-12T00:00:00.000+05:30,3574
65434,2014-05-12T00:00:00.000+05:30,3574
11472,2013-10-04T00:00:00.000+05:30,3590
20880,2013-11-30T00:00:00.000+05:30,3590
39224,2014-03-23T00:00:00.000+05:30,3598
15905,2013-11-03T00:00:00.000+05:30,3599
53394,2014-06-26T00:00:00.000+05:30,3602
62516,2014-01-23T00:00:00.000+05:30,3609
22869,2013-12-12T00:00:00.000+05:30,3614
54360,2014-07-03T00:00:00.000+05:30,3634
27330,2014-01-10T00:00:00.000+05:30,3640
54364,2014-07-03T00:00:00.000+05:30,3640
38379,2014-03-18T00:00:00.000+05:30,3662
13316,2013-10-15T00:00:00.000+05:30,3675
29490,2014-01-23T00:00:00.000+05:30,3677
28996,2014-01-20T00:00:00.000+05:30,3680
31240,2014-02-03T00:00:00.000+05:30,3680
31219,2014-02-03T00:00:00.000+05:30,3689
43465,2014-04-20T00:00:00.000+05:30,3697
36904,2014-03-10T00:00:00.000+05:30,3700
57281,2014-07-21T00:00:00.000+05:30,3710
23303,2013-12-16T00:00:00.000+05:30,3711
13917,2013-10-19T00:00:00.000+05:30,3713
61237,2013-12-06T00:00:00.000+05:30,3722
45771,2014-05-05T00:00:00.000+05:30,3723
64844,2014-04-21T00:00:00.000+05:30,3723
47029,2014-05-12T00:00:00.000+05:30,3735
49569,2014-05-30T00:00:00.000+05:30,3735
61961,2014-01-03T00:00:00.000+05:30,3743
51900,2014-06-15T00:00:00.000+05:30,3797
65057,2014-04-29T00:00:00.000+05:30,3797
36000,2014-03-03T00:00:00.000+05:30,3812
35243,2014-02-27T00:00:00.000+05:30,3818
20156,2013-11-27T00:00:00.000+05:30,3822
65821,2014-05-28T00:00:00.000+05:30,3822
34028,2014-02-19T00:00:00.000+05:30,3825
38403,2014-03-18T00:00:00.000+05:30,3836
16259,2013-11-04T00:00:00.000+05:30,3847
67318,2014-07-22T00:00:00.000+05:30,3850
4338,2013-08-20T00:00:00.000+05:30,3867
35307,2014-02-27T00:00:00.000+05:30,3871
34184,2014-02-20T00:00:00.000+05:30,3876
29475,2014-01-23T00:00:00.000+05:30,3885
40615,2014-04-01T00:00:00.000+05:30,3889
27198,2014-01-10T00:00:00.000+05:30,3896
19048,2013-11-20T00:00:00.000+05:30,3900
37745,2014-03-14T00:00:00.000+05:30,3900
31952,2014-02-07T00:00:00.000+05:30,3910
15753,2013-11-02T00:00:00.000+05:30,3917
32558,2014-02-11T00:00:00.000+05:30,3917
16303,2013-11-04T00:00:00.000+05:30,3942
20017,2013-11-26T00:00:00.000+05:30,3951
27646,2014-01-12T00:00:00.000+05:30,3951
31879,2014-02-07T00:00:00.000+05:30,3954
32487,2014-02-10T00:00:00.000+05:30,3954
62954,2014-02-08T00:00:00.000+05:30,3954
30979,2014-02-01T00:00:00.000+05:30,3959
23742,2013-12-20T00:00:00.000+05:30,3965
22559,2013-12-10T00:00:00.000+05:30,3968
62130,2014-01-09T00:00:00.000+05:30,3971
60665,2013-11-16T00:00:00.000+05:30,3972
21483,2013-12-04T00:00:00.000+05:30,3977
40137,2014-03-30T00:00:00.000+05:30,3977
51138,2014-06-10T00:00:00.000+05:30,3977
68008,2014-01-12T00:00:00.000+05:30,3977
5778,2013-08-29T00:00:00.000+05:30,3986
45892,2014-05-06T00:00:00.000+05:30,4004
24744,2013-12-25T00:00:00.000+05:30,4008
49526,2014-05-30T00:00:00.000+05:30,4008
35600,2014-03-01T00:00:00.000+05:30,4013
36733,2014-03-07T00:00:00.000+05:30,4013
5374,2013-08-26T00:00:00.000+05:30,4014
18962,2013-11-20T00:00:00.000+05:30,4017
28535,2014-01-17T00:00:00.000+05:30,4017
53522,2014-06-27T00:00:00.000+05:30,4017
59591,2013-10-04T00:00:00.000+05:30,4035
37566,2014-03-13T00:00:00.000+05:30,4041
53984,2014-06-30T00:00:00.000+05:30,4045
63536,2014-03-01T00:00:00.000+05:30,4045
7982,2013-09-12T00:00:00.000+05:30,4051
60241,2013-10-30T00:00:00.000+05:30,4051
40176,2014-03-30T00:00:00.000+05:30,4054
41378,2014-04-05T00:00:00.000+05:30,4054
32037,2014-02-08T00:00:00.000+05:30,4065
48711,2014-05-24T00:00:00.000+05:30,4068
52334,2014-06-18T00:00:00.000+05:30,4069
8740,2013-09-18T00:00:00.000+05:30,4076
11838,2013-10-05T00:00:00.000+05:30,4078
33444,2014-02-16T00:00:00.000+05:30,4078
61346,2013-12-11T00:00:00.000+05:30,4078
60522,2013-11-10T00:00:00.000+05:30,4079
34042,2014-02-19T00:00:00.000+05:30,4085
60259,2013-11-01T00:00:00.000+05:30,4085
3737,2013-08-15T00:00:00.000+05:30,4110
60023,2013-10-21T00:00:00.000+05:30,4122
46312,2014-05-08T00:00:00.000+05:30,4143
64791,2014-04-19T00:00:00.000+05:30,4146
55864,2014-07-13T00:00:00.000+05:30,4147
60086,2013-10-23T00:00:00.000+05:30,4188
39815,2014-03-28T00:00:00.000+05:30,4191
60975,2013-11-26T00:00:00.000+05:30,4191
44043,2014-04-24T00:00:00.000+05:30,4200
47020,2014-05-12T00:00:00.000+05:30,4200
68600,2014-06-27T00:00:00.000+05:30,4206
20005,2013-11-25T00:00:00.000+05:30,4227
48720,2014-05-24T00:00:00.000+05:30,4231
29978,2014-01-27T00:00:00.000+05:30,4233
39384,2014-03-25T00:00:00.000+05:30,4240
44655,2014-04-27T00:00:00.000+05:30,4242
42099,2014-04-10T00:00:00.000+05:30,4248
46767,2014-05-11T00:00:00.000+05:30,4249
23687,2013-12-19T00:00:00.000+05:30,4251
887,2013-07-30T00:00:00.000+05:30,4254
29028,2014-01-20T00:00:00.000+05:30,4264
64605,2014-04-12T00:00:00.000+05:30,4278
6821,2013-09-06T00:00:00.000+05:30,4286
53248,2014-06-25T00:00:00.000+05:30,4286
39477,2014-03-26T00:00:00.000+05:30,4287
59756,2013-10-11T00:00:00.000+05:30,4300
5550,2013-08-27T00:00:00.000+05:30,4309
15525,2013-11-01T00:00:00.000+05:30,4313
49180,2014-05-27T00:00:00.000+05:30,4313
37664,2014-03-14T00:00:00.000+05:30,4321
29887,2014-01-26T00:00:00.000+05:30,4331
9291,2013-09-21T00:00:00.000+05:30,4342
34806,2014-02-24T00:00:00.000+05:30,4352
40434,2014-03-31T00:00:00.000+05:30,4358
24589,2013-12-24T00:00:00.000+05:30,4359
31882,2014-02-07T00:00:00.000+05:30,4359
37188,2014-03-11T00:00:00.000+05:30,4359
54090,2014-07-01T00:00:00.000+05:30,4375
29755,2014-01-25T00:00:00.000+05:30,4379
42814,2014-04-15T00:00:00.000+05:30,4388
23734,2013-12-19T00:00:00.000+05:30,4397
50731,2014-06-08T00:00:00.000+05:30,4398
36352,2014-03-05T00:00:00.000+05:30,4427
1243,2013-07-31T00:00:00.000+05:30,4434
25105,2013-12-27T00:00:00.000+05:30,4434
19127,2013-11-21T00:00:00.000+05:30,4448
55150,2014-07-08T00:00:00.000+05:30,4454
5105,2013-08-25T00:00:00.000+05:30,4456
17442,2013-11-10T00:00:00.000+05:30,4456
12741,2013-10-11T00:00:00.000+05:30,4482
5396,2013-08-26T00:00:00.000+05:30,4494
20126,2013-11-27T00:00:00.000+05:30,4494
17850,2013-11-12T00:00:00.000+05:30,4495
40304,2014-03-31T00:00:00.000+05:30,4496
44819,2014-04-28T00:00:00.000+05:30,4496
55702,2014-07-12T00:00:00.000+05:30,4501
14038,2013-10-20T00:00:00.000+05:30,4505
42928,2014-04-16T00:00:00.000+05:30,4517
42970,2014-04-17T00:00:00.000+05:30,4517
57292,2014-07-21T00:00:00.000+05:30,4517
15625,2013-11-01T00:00:00.000+05:30,4532
23455,2013-12-18T00:00:00.000+05:30,4545
33394,2014-02-16T00:00:00.000+05:30,4548
61997,2014-01-04T00:00:00.000+05:30,4552
53962,2014-06-30T00:00:00.000+05:30,4556
25562,2013-12-30T00:00:00.000+05:30,4585
29919,2014-01-26T00:00:00.000+05:30,4585
55851,2014-07-13T00:00:00.000+05:30,4588
8981,2013-09-19T00:00:00.000+05:30,4600
12207,2013-10-08T00:00:00.000+05:30,4600
18459,2013-11-16T00:00:00.000+05:30,4620
20369,2013-11-28T00:00:00.000+05:30,4621
19612,2013-11-23T00:00:00.000+05:30,4624
44952,2014-04-29T00:00:00.000+05:30,4624
31764,2014-02-06T00:00:00.000+05:30,4652
45223,2014-05-01T00:00:00.000+05:30,4655
46387,2014-05-09T00:00:00.000+05:30,4657
63661,2014-03-05T00:00:00.000+05:30,4660
45310,2014-05-02T00:00:00.000+05:30,4661
50247,2014-06-05T00:00:00.000+05:30,4678
32602,2014-02-11T00:00:00.000+05:30,4684
40575,2014-04-01T00:00:00.000+05:30,4684
23990,2013-12-21T00:00:00.000+05:30,4686
44136,2014-04-25T00:00:00.000+05:30,4697
10964,2013-09-30T00:00:00.000+05:30,4699
54040,2014-07-01T00:00:00.000+05:30,4705
63284,2014-02-19T00:00:00.000+05:30,4730
19846,2013-11-24T00:00:00.000+05:30,4735
64061,2014-03-23T00:00:00.000+05:30,4735
45288,2014-05-02T00:00:00.000+05:30,4736
21137,2013-12-02T00:00:00.000+05:30,4738
39953,2014-03-29T00:00:00.000+05:30,4738
55743,2014-07-13T00:00:00.000+05:30,4755
19852,2013-11-24T00:00:00.000+05:30,4757
3436,2013-08-13T00:00:00.000+05:30,4758
7453,2013-09-09T00:00:00.000+05:30,4764
17181,2013-11-09T00:00:00.000+05:30,4764
719,2013-07-29T00:00:00.000+05:30,4768
57575,2014-07-23T00:00:00.000+05:30,4768
8093,2013-09-13T00:00:00.000+05:30,4774
53371,2014-06-26T00:00:00.000+05:30,4778
8636,2013-09-17T00:00:00.000+05:30,4781
10859,2013-09-30T00:00:00.000+05:30,4781
21065,2013-12-01T00:00:00.000+05:30,4781
30111,2014-01-28T00:00:00.000+05:30,4781
28228,2014-01-15T00:00:00.000+05:30,4790
60771,2013-11-20T00:00:00.000+05:30,4803
64542,2014-04-10T00:00:00.000+05:30,4826
10194,2013-09-26T00:00:00.000+05:30,4829
50990,2014-06-09T00:00:00.000+05:30,4832
47199,2014-05-13T00:00:00.000+05:30,4839
46352,2014-05-08T00:00:00.000+05:30,4845
10440,2013-09-27T00:00:00.000+05:30,4851
56388,2014-07-16T00:00:00.000+05:30,4852
49340,2014-05-28T00:00:00.000+05:30,4853
50841,2014-06-08T00:00:00.000+05:30,4863
58518,2013-08-23T00:00:00.000+05:30,4863
48104,2014-05-19T00:00:00.000+05:30,4864
6246,2013-09-02T00:00:00.000+05:30,4869
19787,2013-11-24T00:00:00.000+05:30,4877
34159,2014-02-20T00:00:00.000+05:30,4877
62984,2014-02-08T00:00:00.000+05:30,4877
11604,2013-10-04T00:00:00.000+05:30,4883
18425,2013-11-15T00:00:00.000+05:30,4897
51313,2014-06-12T00:00:00.000+05:30,4899
23165,2013-12-15T00:00:00.000+05:30,4907
1824,2013-08-03T00:00:00.000+05:30,4909
18267,2013-11-14T00:00:00.000+05:30,4909
3244,2013-08-12T00:00:00.000+05:30,4912
30275,2014-01-29T00:00:00.000+05:30,4915
40789,2014-04-02T00:00:00.000+05:30,4915
41745,2014-04-08T00:00:00.000+05:30,4915
7510,2013-09-09T00:00:00.000+05:30,4933
47128,2014-05-12T00:00:00.000+05:30,4933
56205,2014-07-15T00:00:00.000+05:30,4936
6350,2013-09-03T00:00:00.000+05:30,4951
63970,2014-03-19T00:00:00.000+05:30,4964
4186,2013-08-18T00:00:00.000+05:30,4976
31629,2014-02-06T00:00:00.000+05:30,4990
24287,2013-12-22T00:00:00.000+05:30,5004
65377,2014-05-10T00:00:00.000+05:30,5004
3327,2013-08-12T00:00:00.000+05:30,5014
11294,2013-10-02T00:00:00.000+05:30,5017
24597,2013-12-24T00:00:00.000+05:30,5018
40980,2014-04-03T00:00:00.000+05:30,5018
5213,2013-08-25T00:00:00.000+05:30,5026
14975,2013-10-27T00:00:00.000+05:30,5026
2634,2013-08-08T00:00:00.000+05:30,5030
29393,2014-01-22T00:00:00.000+05:30,5030
8967,2013-09-19T00:00:00.000+05:30,5041
31051,2014-02-02T00:00:00.000+05:30,5041
56569,2014-07-18T00:00:00.000+05:30,5041
31806,2014-02-07T00:00:00.000+05:30,5056
20252,2013-11-28T00:00:00.000+05:30,5057
60870,2013-11-22T00:00:00.000+05:30,5057
26300,2014-01-04T00:00:00.000+05:30,5066
35246,2014-02-27T00:00:00.000+05:30,5074
64823,2014-04-20T00:00:00.000+05:30,5074
50009,2014-06-02T00:00:00.000+05:30,5082
58281,2013-08-14T00:00:00.000+05:30,5082
36089,2014-03-03T00:00:00.000+05:30,5098
4138,2013-08-18T00:00:00.000+05:30,5113
40150,2014-03-30T00:00:00.000+05:30,5136
61134,2013-12-02T00:00:00.000+05:30,5159
63064,2014-02-11T00:00:00.000+05:30,5164
15204,2013-10-29T00:00:00.000+05:30,5185
63454,2014-02-26T00:00:00.000+05:30,5185
20097,2013-11-27T00:00:00.000+05:30,5191
58997,2013-09-11T00:00:00.000+05:30,5196
53663,2014-06-27T00:00:00.000+05:30,5199
56200,2014-07-15T00:00:00.000+05:30,5205
31067,2014-02-02T00:00:00.000+05:30,5211
24659,2013-12-25T00:00:00.000+05:30,5212
66511,2014-06-21T00:00:00.000+05:30,5212
56757,2014-07-19T00:00:00.000+05:30,5224
10933,2013-09-30T00:00:00.000+05:30,5229
26438,2014-01-05T00:00:00.000+05:30,5229
56839,2014-07-19T00:00:00.000+05:30,5229
62312,2014-01-16T00:00:00.000+05:30,5229
24100,2013-12-21T00:00:00.000+05:30,5230
6140,2013-09-01T00:00:00.000+05:30,5244
56603,2014-07-18T00:00:00.000+05:30,5244
4001,2013-08-17T00:00:00.000+05:30,5253
14476,2013-10-24T00:00:00.000+05:30,5253
21401,2013-12-04T00:00:00.000+05:30,5263
45091,2014-04-30T00:00:00.000+05:30,5264
51028,2014-06-09T00:00:00.000+05:30,5264
11168,2013-10-02T00:00:00.000+05:30,5272
45487,2014-05-03T00:00:00.000+05:30,5272
8425,2013-09-15T00:00:00.000+05:30,5276
38385,2014-03-18T00:00:00.000+05:30,5276
9741,2013-09-24T00:00:00.000+05:30,5283
35845,2014-03-02T00:00:00.000+05:30,5291
44295,2014-04-25T00:00:00.000+05:30,5295
29100,2014-01-21T00:00:00.000+05:30,5296
2925,2013-08-10T00:00:00.000+05:30,5299
53576,2014-06-27T00:00:00.000+05:30,5301
23485,2013-12-18T00:00:00.000+05:30,5311
58157,2013-08-09T00:00:00.000+05:30,5327
44501,2014-04-26T00:00:00.000+05:30,5333
46264,2014-05-07T00:00:00.000+05:30,5333
66792,2014-07-01T00:00:00.000+05:30,5333
5727,2013-08-29T00:00:00.000+05:30,5338
11964,2013-10-06T00:00:00.000+05:30,5357
4511,2013-08-21T00:00:00.000+05:30,5367
20090,2013-11-26T00:00:00.000+05:30,5377
32707,2014-02-12T00:00:00.000+05:30,5377
6202,2013-09-02T00:00:00.000+05:30,5379
40026,2014-03-30T00:00:00.000+05:30,5387
21466,2013-12-04T00:00:00.000+05:30,5391
46237,2014-05-07T00:00:00.000+05:30,5391
64790,2014-04-19T00:00:00.000+05:30,5391
1239,2013-07-31T00:00:00.000+05:30,5397
52086,2014-06-16T00:00:00.000+05:30,5397
54962,2014-07-08T00:00:00.000+05:30,5401
12538,2013-10-10T00:00:00.000+05:30,5414
32981,2014-02-13T00:00:00.000+05:30,5417
8189,2013-09-14T00:00:00.000+05:30,5424
39619,2014-03-26T00:00:00.000+05:30,5424
19793,2013-11-24T00:00:00.000+05:30,5428
3109,2013-08-11T00:00:00.000+05:30,5431
60658,2013-11-16T00:00:00.000+05:30,5436
47246,2014-05-13T00:00:00.000+05:30,5449
13972,2013-10-20T00:00:00.000+05:30,5460
28931,2014-01-20T00:00:00.000+05:30,5467
30452,2014-01-30T00:00:00.000+05:30,5484
57519,2014-07-23T00:00:00.000+05:30,5484
13872,2013-10-19T00:00:00.000+05:30,5485
16310,2013-11-04T00:00:00.000+05:30,5491
49482,2014-05-29T00:00:00.000+05:30,5491
43349,2014-04-20T00:00:00.000+05:30,5497
65920,2014-06-02T00:00:00.000+05:30,5497
62252,2014-01-13T00:00:00.000+05:30,5517
22976,2013-12-13T00:00:00.000+05:30,5519
65034,2014-04-27T00:00:00.000+05:30,5537
2964,2013-08-10T00:00:00.000+05:30,5541
23106,2013-12-15T00:00:00.000+05:30,5541
40123,2014-03-30T00:00:00.000+05:30,5546
11631,2013-10-04T00:00:00.000+05:30,5549
21710,2013-12-05T00:00:00.000+05:30,5549
53601,2014-06-27T00:00:00.000+05:30,5549
29060,2014-01-20T00:00:00.000+05:30,5568
65307,2014-05-08T00:00:00.000+05:30,5568
23900,2013-12-20T00:00:00.000+05:30,5592
45144,2014-04-30T00:00:00.000+05:30,5620
27815,2014-01-13T00:00:00.000+05:30,5621
57219,2014-07-21T00:00:00.000+05:30,5621
14893,2013-10-27T00:00:00.000+05:30,5625
22733,2013-12-11T00:00:00.000+05:30,5625
34819,2014-02-24T00:00:00.000+05:30,5640
39756,2014-03-27T00:00:00.000+05:30,5640
54867,2014-07-07T00:00:00.000+05:30,5653
10281,2013-09-26T00:00:00.000+05:30,5660
31964,2014-02-07T00:00:00.000+05:30,5676
18065,2013-11-13T00:00:00.000+05:30,5684
18938,2013-11-19T00:00:00.000+05:30,5684
46498,2014-05-09T00:00:00.000+05:30,5687
23988,2013-12-21T00:00:00.000+05:30,5692
49637,2014-05-31T00:00:00.000+05:30,5693
60376,2013-11-04T00:00:00.000+05:30,5716
10013,2013-09-25T00:00:00.000+05:30,5722
41580,2014-04-08T00:00:00.000+05:30,5722
39525,2014-03-26T00:00:00.000+05:30,5727
40549,2014-04-01T00:00:00.000+05:30,5727
56834,2014-07-19T00:00:00.000+05:30,5727
35694,2014-03-01T00:00:00.000+05:30,5734
33519,2014-02-16T00:00:00.000+05:30,5736
37126,2014-03-11T00:00:00.000+05:30,5741
6604,2013-09-05T00:00:00.000+05:30,5749
12550,2013-10-10T00:00:00.000+05:30,5755
25186,2013-12-27T00:00:00.000+05:30,5759
68018,2014-01-16T00:00:00.000+05:30,5760
27010,2014-01-09T00:00:00.000+05:30,5775
63816,2014-03-13T00:00:00.000+05:30,5775
18006,2013-11-13T00:00:00.000+05:30,5784
4842,2013-08-23T00:00:00.000+05:30,5800
26186,2014-01-03T00:00:00.000+05:30,5800
27576,2014-01-11T00:00:00.000+05:30,5800
55777,2014-07-13T00:00:00.000+05:30,5806
51559,2014-06-13T00:00:00.000+05:30,5811
49650,2014-05-31T00:00:00.000+05:30,5812
61651,2013-12-21T00:00:00.000+05:30,5816
13983,2013-10-20T00:00:00.000+05:30,5821
22481,2013-12-10T00:00:00.000+05:30,5821
32850,2014-02-13T00:00:00.000+05:30,5821
53611,2014-06-27T00:00:00.000+05:30,5821
66332,2014-06-14T00:00:00.000+05:30,5821
65411,2014-05-11T00:00:00.000+05:30,5824
28913,2014-01-19T00:00:00.000+05:30,5830
42772,2014-04-15T00:00:00.000+05:30,5832
7140,2013-09-07T00:00:00.000+05:30,5836
58657,2013-08-28T00:00:00.000+05:30,5836
54729,2014-07-05T00:00:00.000+05:30,5843
50390,2014-06-06T00:00:00.000+05:30,5855
59661,2013-10-07T00:00:00.000+05:30,5858
16702,2013-11-06T00:00:00.000+05:30,5861
2931,2013-08-10T00:00:00.000+05:30,5865
43946,2014-04-23T00:00:00.000+05:30,5866
12016,2013-10-06T00:00:00.000+05:30,5867
45846,2014-05-05T00:00:00.000+05:30,5867
2014,2013-08-04T00:00:00.000+05:30,5875
9033,2013-09-19T00:00:00.000+05:30,5875
64539,2014-04-10T00:00:00.000+05:30,5896
10275,2013-09-26T00:00:00.000+05:30,5910
13815,2013-10-19T00:00:00.000+05:30,5913
31656,2014-02-06T00:00:00.000+05:30,5920
9559,2013-09-23T00:00:00.000+05:30,5935
31794,2014-02-06T00:00:00.000+05:30,5935
40643,2014-04-01T00:00:00.000+05:30,5935
32811,2014-02-12T00:00:00.000+05:30,5958
33682,2014-02-17T00:00:00.000+05:30,5966
10771,2013-09-29T00:00:00.000+05:30,5974
66001,2014-06-04T00:00:00.000+05:30,5977
42013,2014-04-10T00:00:00.000+05:30,5982
33470,2014-02-16T00:00:00.000+05:30,5999
2434,2013-08-07T00:00:00.000+05:30,6005
15850,2013-11-03T00:00:00.000+05:30,6005
44544,2014-04-27T00:00:00.000+05:30,6005
61612,2013-12-20T00:00:00.000+05:30,6005
32813,2014-02-12T00:00:00.000+05:30,6015
32816,2014-02-12T00:00:00.000+05:30,6026
30242,2014-01-28T00:00:00.000+05:30,6036
59864,2013-10-15T00:00:00.000+05:30,6036
51035,2014-06-09T00:00:00.000+05:30,6045
2800,2013-08-10T00:00:00.000+05:30,6046
62459,2014-01-22T00:00:00.000+05:30,6046
28004,2014-01-14T00:00:00.000+05:30,6047
32666,2014-02-11T00:00:00.000+05:30,6047
17437,2013-11-10T00:00:00.000+05:30,6050
5871,2013-08-30T00:00:00.000+05:30,6052
10490,2013-09-27T00:00:00.000+05:30,6054
26477,2014-01-05T00:00:00.000+05:30,6063
26121,2014-01-03T00:00:00.000+05:30,6068
67350,2014-07-22T00:00:00.000+05:30,6068
5528,2013-08-27T00:00:00.000+05:30,6071
57853,2013-07-28T00:00:00.000+05:30,6071
22250,2013-12-08T00:00:00.000+05:30,6074
28381,2014-01-16T00:00:00.000+05:30,6074
60768,2013-11-20T00:00:00.000+05:30,6078
61422,2013-12-13T00:00:00.000+05:30,6082
10282,2013-09-26T00:00:00.000+05:30,6089
41790,2014-04-09T00:00:00.000+05:30,6089
22593,2013-12-11T00:00:00.000+05:30,6110
29661,2014-01-24T00:00:00.000+05:30,6151
52689,2014-06-20T00:00:00.000+05:30,6159
193,2013-07-26T00:00:00.000+05:30,6174
54895,2014-07-07T00:00:00.000+05:30,6174
29270,2014-01-21T00:00:00.000+05:30,6187
16166,2013-11-04T00:00:00.000+05:30,6194
20445,2013-11-29T00:00:00.000+05:30,6195
24564,2013-12-24T00:00:00.000+05:30,6204
10176,2013-09-26T00:00:00.000+05:30,6205
59257,2013-09-23T00:00:00.000+05:30,6205
59892,2013-10-16T00:00:00.000+05:30,6210
61819,2013-12-27T00:00:00.000+05:30,6210
35542,2014-02-28T00:00:00.000+05:30,6211
59222,2013-09-21T00:00:00.000+05:30,6212
58579,2013-08-25T00:00:00.000+05:30,6215
40152,2014-03-30T00:00:00.000+05:30,6218
46212,2014-05-07T00:00:00.000+05:30,6218
18955,2013-11-20T00:00:00.000+05:30,6230
24069,2013-12-21T00:00:00.000+05:30,6230
60237,2013-10-30T00:00:00.000+05:30,6230
41106,2014-04-04T00:00:00.000+05:30,6263
67117,2014-07-15T00:00:00.000+05:30,6270
11769,2013-10-05T00:00:00.000+05:30,6275
58034,2013-08-04T00:00:00.000+05:30,6277
9794,2013-09-24T00:00:00.000+05:30,6279
34512,2014-02-22T00:00:00.000+05:30,6279
4437,2013-08-20T00:00:00.000+05:30,6285
5018,2013-08-24T00:00:00.000+05:30,6285
5360,2013-08-26T00:00:00.000+05:30,6285
20677,2013-11-30T00:00:00.000+05:30,6285
32841,2014-02-12T00:00:00.000+05:30,6285
30811,2014-02-01T00:00:00.000+05:30,6286
3608,2013-08-15T00:00:00.000+05:30,6292
52554,2014-06-19T00:00:00.000+05:30,6299
9956,2013-09-25T00:00:00.000+05:30,6303
15652,2013-11-01T00:00:00.000+05:30,6305
36162,2014-03-04T00:00:00.000+05:30,6305
59186,2013-09-19T00:00:00.000+05:30,6305
9340,2013-09-22T00:00:00.000+05:30,6306
7526,2013-09-09T00:00:00.000+05:30,6310
2719,2013-08-09T00:00:00.000+05:30,6313
43067,2014-04-18T00:00:00.000+05:30,6313
2168,2013-08-06T00:00:00.000+05:30,6316
15651,2013-11-01T00:00:00.000+05:30,6316
20333,2013-11-28T00:00:00.000+05:30,6316
37210,2014-03-11T00:00:00.000+05:30,6316
15109,2013-10-29T00:00:00.000+05:30,6324
36226,2014-03-04T00:00:00.000+05:30,6330
50764,2014-06-08T00:00:00.000+05:30,6330
4579,2013-08-22T00:00:00.000+05:30,6331
6499,2013-09-03T00:00:00.000+05:30,6339
66963,2014-07-07T00:00:00.000+05:30,6342
34154,2014-02-20T00:00:00.000+05:30,6345
49568,2014-05-30T00:00:00.000+05:30,6346
21406,2013-12-04T00:00:00.000+05:30,6354
44890,2014-04-29T00:00:00.000+05:30,6358
5769,2013-08-29T00:00:00.000+05:30,6361
22162,2013-12-07T00:00:00.000+05:30,6364
63732,2014-03-10T00:00:00.000+05:30,6368
14316,2013-10-23T00:00:00.000+05:30,6378
4766,2013-08-23T00:00:00.000+05:30,6385
13390,2013-10-15T00:00:00.000+05:30,6385
23652,2013-12-19T00:00:00.000+05:30,6427
48307,2014-05-20T00:00:00.000+05:30,6427
56912,2014-07-20T00:00:00.000+05:30,6427
11915,2013-10-06T00:00:00.000+05:30,6428
30224,2014-01-28T00:00:00.000+05:30,6428
42815,2014-04-15T00:00:00.000+05:30,6428
10719,2013-09-28T00:00:00.000+05:30,6438
6500,2013-09-03T00:00:00.000+05:30,6445
55330,2014-07-10T00:00:00.000+05:30,6445
18366,2013-11-15T00:00:00.000+05:30,6450
25106,2013-12-27T00:00:00.000+05:30,6450
53190,2014-06-25T00:00:00.000+05:30,6461
47731,2014-05-16T00:00:00.000+05:30,6473
51082,2014-06-09T00:00:00.000+05:30,6473
26304,2014-01-04T00:00:00.000+05:30,6478
28790,2014-01-19T00:00:00.000+05:30,6478
38237,2014-03-17T00:00:00.000+05:30,6483
53918,2014-06-30T00:00:00.000+05:30,6483
60795,2013-11-20T00:00:00.000+05:30,6483
45924,2014-05-06T00:00:00.000+05:30,6486
6025,2013-08-31T00:00:00.000+05:30,6488
59727,2013-10-10T00:00:00.000+05:30,6505
54296,2014-07-03T00:00:00.000+05:30,6510
32826,2014-02-12T00:00:00.000+05:30,6516
4269,2013-08-19T00:00:00.000+05:30,6523
6986,2013-09-06T00:00:00.000+05:30,6523
62946,2014-02-08T00:00:00.000+05:30,6526
26943,2014-01-08T00:00:00.000+05:30,6543
4686,2013-08-22T00:00:00.000+05:30,6548
65362,2014-05-10T00:00:00.000+05:30,6553
21952,2013-12-06T00:00:00.000+05:30,6558
56588,2014-07-18T00:00:00.000+05:30,6558
49843,2014-06-01T00:00:00.000+05:30,6567
5035,2013-08-24T00:00:00.000+05:30,6570
21551,2013-12-05T00:00:00.000+05:30,6574
68023,2014-01-17T00:00:00.000+05:30,6581
54606,2014-07-05T00:00:00.000+05:30,6582
49105,2014-05-26T00:00:00.000+05:30,6588
56642,2014-07-18T00:00:00.000+05:30,6588
24026,2013-12-21T00:00:00.000+05:30,6597
54499,2014-07-04T00:00:00.000+05:30,6597
30893,2014-02-01T00:00:00.000+05:30,6598
28919,2014-01-19T00:00:00.000+05:30,6605
33777,2014-02-18T00:00:00.000+05:30,6611
4349,2013-08-20T00:00:00.000+05:30,6629
4498,2013-08-21T00:00:00.000+05:30,6634
55518,2014-07-11T00:00:00.000+05:30,6634
40058,2014-03-30T00:00:00.000+05:30,6638
46320,2014-05-08T00:00:00.000+05:30,6638
67806,2013-11-12T00:00:00.000+05:30,6652
40843,2014-04-02T00:00:00.000+05:30,6655
6858,2013-09-06T00:00:00.000+05:30,6657
22601,2013-12-11T00:00:00.000+05:30,6657
1879,2013-08-03T00:00:00.000+05:30,6663
14855,2013-10-27T00:00:00.000+05:30,6667
3101,2013-08-11T00:00:00.000+05:30,6677
40456,2014-03-31T00:00:00.000+05:30,6677
53917,2014-06-30T00:00:00.000+05:30,6677
41851,2014-04-09T00:00:00.000+05:30,6682
51627,2014-06-13T00:00:00.000+05:30,6683
10090,2013-09-25T00:00:00.000+05:30,6692
45473,2014-05-03T00:00:00.000+05:30,6692
55069,2014-07-08T00:00:00.000+05:30,6692
25131,2013-12-27T00:00:00.000+05:30,6696
52264,2014-06-17T00:00:00.000+05:30,6696
19873,2013-11-24T00:00:00.000+05:30,6706
21312,2013-12-03T00:00:00.000+05:30,6706
48699,2014-05-23T00:00:00.000+05:30,6706
53558,2014-06-27T00:00:00.000+05:30,6712
42242,2014-04-11T00:00:00.000+05:30,6721
16540,2013-11-05T00:00:00.000+05:30,6723
55738,2014-07-12T00:00:00.000+05:30,6723
41365,2014-04-05T00:00:00.000+05:30,6727
50871,2014-06-09T00:00:00.000+05:30,6729
9150,2013-09-20T00:00:00.000+05:30,6730
26234,2014-01-03T00:00:00.000+05:30,6730
39484,2014-03-26T00:00:00.000+05:30,6730
60581,2013-11-13T00:00:00.000+05:30,6746
21107,2013-12-01T00:00:00.000+05:30,6749
40674,2014-04-02T00:00:00.000+05:30,6767
62663,2014-01-28T00:00:00.000+05:30,6780
84,2013-07-25T00:00:00.000+05:30,6789
43324,2014-04-20T00:00:00.000+05:30,6817
47398,2014-05-14T00:00:00.000+05:30,6822
41904,2014-04-09T00:00:00.000+05:30,6829
2327,2013-08-06T00:00:00.000+05:30,6845
33191,2014-02-15T00:00:00.000+05:30,6862
39990,2014-03-30T00:00:00.000+05:30,6862
28194,2014-01-15T00:00:00.000+05:30,6871
17870,2013-11-13T00:00:00.000+05:30,6904
65041,2014-04-28T00:00:00.000+05:30,6904
40309,2014-03-31T00:00:00.000+05:30,6928
46785,2014-05-11T00:00:00.000+05:30,6928
20057,2013-11-26T00:00:00.000+05:30,6931
24207,2013-12-22T00:00:00.000+05:30,6936
45757,2014-05-05T00:00:00.000+05:30,6940
3120,2013-08-11T00:00:00.000+05:30,6948
21105,2013-12-01T00:00:00.000+05:30,6948
24973,2013-12-26T00:00:00.000+05:30,6948
34541,2014-02-23T00:00:00.000+05:30,6948
49528,2014-05-30T00:00:00.000+05:30,6950
27901,2014-01-13T00:00:00.000+05:30,6958
18061,2013-11-13T00:00:00.000+05:30,6959
4776,2013-08-23T00:00:00.000+05:30,6960
26833,2014-01-07T00:00:00.000+05:30,6960
40875,2014-04-02T00:00:00.000+05:30,6960
12107,2013-10-07T00:00:00.000+05:30,6961
31515,2014-02-05T00:00:00.000+05:30,6961
23601,2013-12-18T00:00:00.000+05:30,6978
2677,2013-08-08T00:00:00.000+05:30,6980
63041,2014-02-10T00:00:00.000+05:30,7002
47657,2014-05-16T00:00:00.000+05:30,7010
42816,2014-04-15T00:00:00.000+05:30,7013
18369,2013-11-15T00:00:00.000+05:30,7021
10591,2013-09-28T00:00:00.000+05:30,7022
62569,2014-01-24T00:00:00.000+05:30,7022
65689,2014-05-22T00:00:00.000+05:30,7031
58851,2013-09-05T00:00:00.000+05:30,7038
9780,2013-09-24T00:00:00.000+05:30,7042
31788,2014-02-06T00:00:00.000+05:30,7044
2948,2013-08-10T00:00:00.000+05:30,7065
22084,2013-12-07T00:00:00.000+05:30,7065
62267,2014-01-14T00:00:00.000+05:30,7065
62772,2014-01-31T00:00:00.000+05:30,7066
66753,2014-06-29T00:00:00.000+05:30,7066
46804,2014-05-11T00:00:00.000+05:30,7081
61884,2013-12-31T00:00:00.000+05:30,7098
3272,2013-08-12T00:00:00.000+05:30,7099
22462,2013-12-10T00:00:00.000+05:30,7100
13721,2013-10-18T00:00:00.000+05:30,7112
25340,2013-12-28T00:00:00.000+05:30,7114
12212,2013-10-08T00:00:00.000+05:30,7116
38877,2014-03-22T00:00:00.000+05:30,7117
62574,2014-01-24T00:00:00.000+05:30,7117
63562,2014-03-02T00:00:00.000+05:30,7117
3332,2013-08-12T00:00:00.000+05:30,7120
2186,2013-08-06T00:00:00.000+05:30,7124
63184,2014-02-14T00:00:00.000+05:30,7124
13851,2013-10-19T00:00:00.000+05:30,7125
6635,2013-09-05T00:00:00.000+05:30,7137
2162,2013-08-06T00:00:00.000+05:30,7139
63330,2014-02-21T00:00:00.000+05:30,7142
1766,2013-08-03T00:00:00.000+05:30,7143
41072,2014-04-03T00:00:00.000+05:30,7151
17007,2013-11-08T00:00:00.000+05:30,7158
66291,2014-06-13T00:00:00.000+05:30,7166
8318,2013-09-14T00:00:00.000+05:30,7175
32057,2014-02-08T00:00:00.000+05:30,7175
54433,2014-07-03T00:00:00.000+05:30,7180
27295,2014-01-10T00:00:00.000+05:30,7190
26166,2014-01-03T00:00:00.000+05:30,7194
26310,2014-01-04T00:00:00.000+05:30,7194
58127,2013-08-08T00:00:00.000+05:30,7209
21177,2013-12-02T00:00:00.000+05:30,7210
31560,2014-02-05T00:00:00.000+05:30,7210
7239,2013-09-08T00:00:00.000+05:30,7211
35508,2014-02-28T00:00:00.000+05:30,7217
1086,2013-07-31T00:00:00.000+05:30,7236
21461,2013-12-04T00:00:00.000+05:30,7239
45208,2014-05-01T00:00:00.000+05:30,7239
12533,2013-10-10T00:00:00.000+05:30,7243
39785,2014-03-28T00:00:00.000+05:30,7243
36397,2014-03-05T00:00:00.000+05:30,7251
14220,2013-10-22T00:00:00.000+05:30,7252
43557,2014-04-21T00:00:00.000+05:30,7252
13129,2013-10-13T00:00:00.000+05:30,7283
46293,2014-05-07T00:00:00.000+05:30,7283
61090,2013-12-01T00:00:00.000+05:30,7291
36901,2014-03-08T00:00:00.000+05:30,7294
51689,2014-06-14T00:00:00.000+05:30,7294
66610,2014-06-25T00:00:00.000+05:30,7308
38212,2014-03-17T00:00:00.000+05:30,7311
15494,2013-11-01T00:00:00.000+05:30,7313
19108,2013-11-20T00:00:00.000+05:30,7317
67313,2014-07-21T00:00:00.000+05:30,7317
15636,2013-11-01T00:00:00.000+05:30,7322
47910,2014-05-17T00:00:00.000+05:30,7326
68862,2014-06-15T00:00:00.000+05:30,7326
55677,2014-07-12T00:00:00.000+05:30,7327
37161,2014-03-11T00:00:00.000+05:30,7329
43568,2014-04-21T00:00:00.000+05:30,7344
35118,2014-02-26T00:00:00.000+05:30,7392
14528,2013-10-24T00:00:00.000+05:30,7413
41084,2014-04-03T00:00:00.000+05:30,7413
52627,2014-06-19T00:00:00.000+05:30,7422
19744,2013-11-24T00:00:00.000+05:30,7423
8028,2013-09-12T00:00:00.000+05:30,7428
17906,2013-11-13T00:00:00.000+05:30,7428
745,2013-07-29T00:00:00.000+05:30,7435
22536,2013-12-10T00:00:00.000+05:30,7438
68869,2014-06-25T00:00:00.000+05:30,7456
25033,2013-12-26T00:00:00.000+05:30,7466
39695,2014-03-27T00:00:00.000+05:30,7495
43341,2014-04-20T00:00:00.000+05:30,7501
59169,2013-09-18T00:00:00.000+05:30,7501
58263,2013-08-14T00:00:00.000+05:30,7507
15736,2013-11-02T00:00:00.000+05:30,7518
22062,2013-12-07T00:00:00.000+05:30,7519
33968,2014-02-19T00:00:00.000+05:30,7541
64992,2014-04-26T00:00:00.000+05:30,7543
59694,2013-10-09T00:00:00.000+05:30,7544
44775,2014-04-28T00:00:00.000+05:30,7551
11976,2013-10-06T00:00:00.000+05:30,7556
35472,2014-02-28T00:00:00.000+05:30,7557
39665,2014-03-27T00:00:00.000+05:30,7557
59488,2013-10-01T00:00:00.000+05:30,7559
20881,2013-11-30T00:00:00.000+05:30,7561
67869,2013-12-03T00:00:00.000+05:30,7562
63271,2014-02-19T00:00:00.000+05:30,7564
21738,2013-12-05T00:00:00.000+05:30,7566
35422,2014-02-28T00:00:00.000+05:30,7589
24352,2013-12-23T00:00:00.000+05:30,7593
37526,2014-03-13T00:00:00.000+05:30,7593
53654,2014-06-27T00:00:00.000+05:30,7595
10811,2013-09-29T00:00:00.000+05:30,7596
25323,2013-12-28T00:00:00.000+05:30,7607
57538,2014-07-23T00:00:00.000+05:30,7625
63376,2014-02-23T00:00:00.000+05:30,7625
1600,2013-08-02T00:00:00.000+05:30,7633
48465,2014-05-21T00:00:00.000+05:30,7633
56181,2014-07-15T00:00:00.000+05:30,7633
67194,2014-07-17T00:00:00.000+05:30,7644
34538,2014-02-22T00:00:00.000+05:30,7645
42262,2014-04-11T00:00:00.000+05:30,7648
31943,2014-02-07T00:00:00.000+05:30,7655
43368,2014-04-20T00:00:00.000+05:30,7655
65484,2014-05-14T00:00:00.000+05:30,7664
13187,2013-10-13T00:00:00.000+05:30,7670
20618,2013-11-29T00:00:00.000+05:30,7670
35616,2014-03-01T00:00:00.000+05:30,7670
34384,2014-02-21T00:00:00.000+05:30,7698
43922,2014-04-23T00:00:00.000+05:30,7704
56717,2014-07-19T00:00:00.000+05:30,7720
57929,2013-07-31T00:00:00.000+05:30,7720
60455,2013-11-07T00:00:00.000+05:30,7720
43595,2014-04-21T00:00:00.000+05:30,7724
54025,2014-07-01T00:00:00.000+05:30,7724
10274,2013-09-26T00:00:00.000+05:30,7741
29026,2014-01-20T00:00:00.000+05:30,7753
15330,2013-10-31T00:00:00.000+05:30,7757
27689,2014-01-12T00:00:00.000+05:30,7757
18018,2013-11-13T00:00:00.000+05:30,7767
37112,2014-03-10T00:00:00.000+05:30,7813
53946,2014-06-30T00:00:00.000+05:30,7813
19031,2013-11-20T00:00:00.000+05:30,7815
52752,2014-06-21T00:00:00.000+05:30,7819
986,2013-07-30T00:00:00.000+05:30,7820
22225,2013-12-08T00:00:00.000+05:30,7820
53388,2014-06-26T00:00:00.000+05:30,7831
686,2013-07-29T00:00:00.000+05:30,7835
49852,2014-06-01T00:00:00.000+05:30,7835
63119,2014-02-13T00:00:00.000+05:30,7835
25894,2014-01-01T00:00:00.000+05:30,7839
34353,2014-02-21T00:00:00.000+05:30,7842
45677,2014-05-04T00:00:00.000+05:30,7842
54572,2014-07-05T00:00:00.000+05:30,7844
4293,2013-08-19T00:00:00.000+05:30,7847
29412,2014-01-22T00:00:00.000+05:30,7849
60353,2013-11-03T00:00:00.000+05:30,7851
6991,2013-09-06T00:00:00.000+05:30,7868
31329,2014-02-03T00:00:00.000+05:30,7878
11694,2013-10-05T00:00:00.000+05:30,7883
11640,2013-10-04T00:00:00.000+05:30,7898
17081,2013-11-08T00:00:00.000+05:30,7898
14030,2013-10-20T00:00:00.000+05:30,7910
30832,2014-02-01T00:00:00.000+05:30,7922
47023,2014-05-12T00:00:00.000+05:30,7922
4830,2013-08-23T00:00:00.000+05:30,7925
6330,2013-09-03T00:00:00.000+05:30,7925
13846,2013-10-19T00:00:00.000+05:30,7964
25826,2013-12-31T00:00:00.000+05:30,7964
60652,2013-11-16T00:00:00.000+05:30,7964
7905,2013-09-12T00:00:00.000+05:30,7970
58814,2013-09-03T00:00:00.000+05:30,7970
7596,2013-09-09T00:00:00.000+05:30,7979
41859,2014-04-09T00:00:00.000+05:30,7979
59960,2013-10-18T00:00:00.000+05:30,7979
27050,2014-01-09T00:00:00.000+05:30,7989
49971,2014-06-02T00:00:00.000+05:30,7989
40756,2014-04-02T00:00:00.000+05:30,7999
20155,2013-11-27T00:00:00.000+05:30,8011
41483,2014-04-06T00:00:00.000+05:30,8017
56526,2014-07-18T00:00:00.000+05:30,8019
40682,2014-04-02T00:00:00.000+05:30,8021
7718,2013-09-10T00:00:00.000+05:30,8022
668,2013-07-28T00:00:00.000+05:30,8023
6525,2013-09-04T00:00:00.000+05:30,8045
18307,2013-11-14T00:00:00.000+05:30,8046
59790,2013-10-13T00:00:00.000+05:30,8046
41443,2014-04-06T00:00:00.000+05:30,8051
59065,2013-09-14T00:00:00.000+05:30,8052
9678,2013-09-24T00:00:00.000+05:30,8056
18441,2013-11-16T00:00:00.000+05:30,8059
37434,2014-03-12T00:00:00.000+05:30,8059
62339,2014-01-18T00:00:00.000+05:30,8064
8352,2013-09-14T00:00:00.000+05:30,8068
53591,2014-06-27T00:00:00.000+05:30,8074
17971,2013-11-13T00:00:00.000+05:30,8092
8975,2013-09-19T00:00:00.000+05:30,8099
66704,2014-06-28T00:00:00.000+05:30,8112
61826,2013-12-28T00:00:00.000+05:30,8115
16750,2013-11-06T00:00:00.000+05:30,8123
65611,2014-05-19T00:00:00.000+05:30,8123
42923,2014-04-16T00:00:00.000+05:30,8129
37058,2014-03-10T00:00:00.000+05:30,8140
23596,2013-12-18T00:00:00.000+05:30,8145
63795,2014-03-13T00:00:00.000+05:30,8145
27356,2014-01-11T00:00:00.000+05:30,8146
27934,2014-01-14T00:00:00.000+05:30,8146
1973,2013-08-04T00:00:00.000+05:30,8151
15182,2013-10-29T00:00:00.000+05:30,8153
44941,2014-04-29T00:00:00.000+05:30,8154
55745,2014-07-13T00:00:00.000+05:30,8160
3516,2013-08-14T00:00:00.000+05:30,8162
49043,2014-05-26T00:00:00.000+05:30,8162
41805,2014-04-09T00:00:00.000+05:30,8163
8337,2013-09-14T00:00:00.000+05:30,8168
25548,2013-12-30T00:00:00.000+05:30,8169
59085,2013-09-15T00:00:00.000+05:30,8170
50723,2014-06-08T00:00:00.000+05:30,8174
60071,2013-10-22T00:00:00.000+05:30,8174
16584,2013-11-06T00:00:00.000+05:30,8179
56128,2014-07-15T00:00:00.000+05:30,8187
18923,2013-11-19T00:00:00.000+05:30,8188
48460,2014-05-21T00:00:00.000+05:30,8188
62982,2014-02-08T00:00:00.000+05:30,8189
11817,2013-10-05T00:00:00.000+05:30,8194
26039,2014-01-02T00:00:00.000+05:30,8203
28971,2014-01-20T00:00:00.000+05:30,8203
30770,2014-01-31T00:00:00.000+05:30,8218
50014,2014-06-02T00:00:00.000+05:30,8218
14338,2013-10-23T00:00:00.000+05:30,8227
38597,2014-03-20T00:00:00.000+05:30,8238
13781,2013-10-19T00:00:00.000+05:30,8242
14971,2013-10-27T00:00:00.000+05:30,8242
14835,2013-10-27T00:00:00.000+05:30,8252
21426,2013-12-04T00:00:00.000+05:30,8252
61187,2013-12-04T00:00:00.000+05:30,8259
68443,2014-05-12T00:00:00.000+05:30,8259
12440,2013-10-09T00:00:00.000+05:30,8260
50347,2014-06-06T00:00:00.000+05:30,8260
10533,2013-09-27T00:00:00.000+05:30,8265
21960,2013-12-06T00:00:00.000+05:30,8265
44075,2014-04-24T00:00:00.000+05:30,8265
52521,2014-06-19T00:00:00.000+05:30,8265
20649,2013-11-29T00:00:00.000+05:30,8266
33539,2014-02-16T00:00:00.000+05:30,8270
37059,2014-03-10T00:00:00.000+05:30,8270
52250,2014-06-17T00:00:00.000+05:30,8274
41734,2014-04-08T00:00:00.000+05:30,8297
48612,2014-05-23T00:00:00.000+05:30,8302
15423,2013-10-31T00:00:00.000+05:30,8303
34801,2014-02-24T00:00:00.000+05:30,8309
17988,2013-11-13T00:00:00.000+05:30,8313
47762,2014-05-16T00:00:00.000+05:30,8313
64928,2014-04-24T00:00:00.000+05:30,8322
14748,2013-10-26T00:00:00.000+05:30,8326
875,2013-07-29T00:00:00.000+05:30,8330
43265,2014-04-19T00:00:00.000+05:30,8337
13244,2013-10-14T00:00:00.000+05:30,8374
32396,2014-02-10T00:00:00.000+05:30,8376
54106,2014-07-01T00:00:00.000+05:30,8376
37888,2014-03-15T00:00:00.000+05:30,8387
3569,2013-08-14T00:00:00.000+05:30,8401
10644,2013-09-28T00:00:00.000+05:30,8408
26187,2014-01-03T00:00:00.000+05:30,8410
11743,2013-10-05T00:00:00.000+05:30,8419
11647,2013-10-04T00:00:00.000+05:30,8420
50799,2014-06-08T00:00:00.000+05:30,8420
57352,2014-07-21T00:00:00.000+05:30,8429
3703,2013-08-15T00:00:00.000+05:30,8440
60363,2013-11-03T00:00:00.000+05:30,8440
57905,2013-07-30T00:00:00.000+05:30,8444
51864,2014-06-15T00:00:00.000+05:30,8446
35795,2014-03-02T00:00:00.000+05:30,8451
28679,2014-01-18T00:00:00.000+05:30,8452
58698,2013-08-29T00:00:00.000+05:30,8452
58995,2013-09-11T00:00:00.000+05:30,8464
11948,2013-10-06T00:00:00.000+05:30,8470
4404,2013-08-20T00:00:00.000+05:30,8488
57641,2014-07-24T00:00:00.000+05:30,8488
66887,2014-07-05T00:00:00.000+05:30,8488
13133,2013-10-13T00:00:00.000+05:30,8500
59539,2013-10-02T00:00:00.000+05:30,8518
12363,2013-10-08T00:00:00.000+05:30,8520
36654,2014-03-06T00:00:00.000+05:30,8520
33883,2014-02-18T00:00:00.000+05:30,8556
8176,2013-09-14T00:00:00.000+05:30,8563
39416,2014-03-25T00:00:00.000+05:30,8571
39057,2014-03-22T00:00:00.000+05:30,8580
42193,2014-04-10T00:00:00.000+05:30,8587
47796,2014-05-16T00:00:00.000+05:30,8587
50544,2014-06-07T00:00:00.000+05:30,8596
48822,2014-05-24T00:00:00.000+05:30,8602
44528,2014-04-27T00:00:00.000+05:30,8621
34003,2014-02-19T00:00:00.000+05:30,8637
67817,2013-11-17T00:00:00.000+05:30,8643
28603,2014-01-17T00:00:00.000+05:30,8647
36149,2014-03-04T00:00:00.000+05:30,8647
849,2013-07-29T00:00:00.000+05:30,8663
59562,2013-10-03T00:00:00.000+05:30,8664
55089,2014-07-08T00:00:00.000+05:30,8667
23909,2013-12-20T00:00:00.000+05:30,8671
44327,2014-04-26T00:00:00.000+05:30,8672
22470,2013-12-10T00:00:00.000+05:30,8677
55174,2014-07-08T00:00:00.000+05:30,8677
10734,2013-09-29T00:00:00.000+05:30,8684
46752,2014-05-11T00:00:00.000+05:30,8684
39062,2014-03-23T00:00:00.000+05:30,8685
58108,2013-08-08T00:00:00.000+05:30,8685
33420,2014-02-16T00:00:00.000+05:30,8691
10388,2013-09-27T00:00:00.000+05:30,8694
30860,2014-02-01T00:00:00.000+05:30,8694
40530,2014-04-01T00:00:00.000+05:30,8694
13179,2013-10-13T00:00:00.000+05:30,8703
41235,2014-04-04T00:00:00.000+05:30,8705
17349,2013-11-10T00:00:00.000+05:30,8714
63520,2014-03-01T00:00:00.000+05:30,8721
24341,2013-12-22T00:00:00.000+05:30,8734
33022,2014-02-14T00:00:00.000+05:30,8734
55426,2014-07-10T00:00:00.000+05:30,8734
33463,2014-02-16T00:00:00.000+05:30,8761
2624,2013-08-08T00:00:00.000+05:30,8762
26517,2014-01-05T00:00:00.000+05:30,8765
41781,2014-04-09T00:00:00.000+05:30,8765
25600,2013-12-30T00:00:00.000+05:30,8766
43480,2014-04-21T00:00:00.000+05:30,8766
29973,2014-01-27T00:00:00.000+05:30,8779
68486,2014-05-23T00:00:00.000+05:30,8791
48060,2014-05-18T00:00:00.000+05:30,8799
47944,2014-05-18T00:00:00.000+05:30,8818
61553,2013-12-18T00:00:00.000+05:30,8823
21085,2013-12-01T00:00:00.000+05:30,8825
35318,2014-02-27T00:00:00.000+05:30,8825
48482,2014-05-21T00:00:00.000+05:30,8829
49213,2014-05-28T00:00:00.000+05:30,8832
20633,2013-11-29T00:00:00.000+05:30,8845
28017,2014-01-14T00:00:00.000+05:30,8845
65669,2014-05-22T00:00:00.000+05:30,8845
35283,2014-02-27T00:00:00.000+05:30,8849
46640,2014-05-10T00:00:00.000+05:30,8849
46401,2014-05-09T00:00:00.000+05:30,8850
9112,2013-09-20T00:00:00.000+05:30,8860
37137,2014-03-11T00:00:00.000+05:30,8860
32311,2014-02-10T00:00:00.000+05:30,8863
19585,2013-11-23T00:00:00.000+05:30,8866
38803,2014-03-21T00:00:00.000+05:30,8869
10488,2013-09-27T00:00:00.000+05:30,8881
57228,2014-07-21T00:00:00.000+05:30,8881
16770,2013-11-06T00:00:00.000+05:30,8889
11162,2013-10-02T00:00:00.000+05:30,8900
1713,2013-08-02T00:00:00.000+05:30,8904
40790,2014-04-02T00:00:00.000+05:30,8904
18146,2013-11-14T00:00:00.000+05:30,8941
45115,2014-04-30T00:00:00.000+05:30,8943
49949,2014-06-02T00:00:00.000+05:30,8946
18850,2013-11-19T00:00:00.000+05:30,8949
20220,2013-11-28T00:00:00.000+05:30,8949
20805,2013-11-30T00:00:00.000+05:30,8954
8421,2013-09-15T00:00:00.000+05:30,8955
30845,2014-02-01T00:00:00.000+05:30,8962
35775,2014-03-01T00:00:00.000+05:30,8962
5983,2013-08-31T00:00:00.000+05:30,8966
40907,2014-04-03T00:00:00.000+05:30,8966
30074,2014-01-27T00:00:00.000+05:30,8969
31504,2014-02-05T00:00:00.000+05:30,8980
63185,2014-02-14T00:00:00.000+05:30,8985
3721,2013-08-15T00:00:00.000+05:30,8987
19692,2013-11-24T00:00:00.000+05:30,8995
31204,2014-02-03T00:00:00.000+05:30,9009
23167,2013-12-15T00:00:00.000+05:30,9022
11231,2013-10-02T00:00:00.000+05:30,9025
14864,2013-10-27T00:00:00.000+05:30,9026
53277,2014-06-25T00:00:00.000+05:30,9044
58442,2013-08-21T00:00:00.000+05:30,9045
31114,2014-02-02T00:00:00.000+05:30,9047
32483,2014-02-10T00:00:00.000+05:30,9110
15672,2013-11-01T00:00:00.000+05:30,9115
53796,2014-06-29T00:00:00.000+05:30,9115
4379,2013-08-20T00:00:00.000+05:30,9120
45498,2014-05-03T00:00:00.000+05:30,9131
23775,2013-12-20T00:00:00.000+05:30,9135
30577,2014-01-30T00:00:00.000+05:30,9145
58114,2013-08-08T00:00:00.000+05:30,9145
1688,2013-08-02T00:00:00.000+05:30,9152
55117,2014-07-08T00:00:00.000+05:30,9157
66267,2014-06-13T00:00:00.000+05:30,9160
67575,2013-09-04T00:00:00.000+05:30,9160
20179,2013-11-27T00:00:00.000+05:30,9168
27112,2014-01-09T00:00:00.000+05:30,9168
42176,2014-04-10T00:00:00.000+05:30,9168
33100,2014-02-14T00:00:00.000+05:30,9169
35176,2014-02-27T00:00:00.000+05:30,9200
37729,2014-03-14T00:00:00.000+05:30,9200
59758,2013-10-11T00:00:00.000+05:30,9200
31738,2014-02-06T00:00:00.000+05:30,9202
43302,2014-04-19T00:00:00.000+05:30,9202
17317,2013-11-09T00:00:00.000+05:30,9209
1544,2013-08-02T00:00:00.000+05:30,9220
17308,2013-11-09T00:00:00.000+05:30,9220
37359,2014-03-12T00:00:00.000+05:30,9220
57321,2014-07-21T00:00:00.000+05:30,9226
55268,2014-07-09T00:00:00.000+05:30,9236
48544,2014-05-22T00:00:00.000+05:30,9278
52800,2014-06-21T00:00:00.000+05:30,9278
42220,2014-04-11T00:00:00.000+05:30,9289
5358,2013-08-26T00:00:00.000+05:30,9296
43142,2014-04-18T00:00:00.000+05:30,9296
44861,2014-04-29T00:00:00.000+05:30,9305
20058,2013-11-26T00:00:00.000+05:30,9308
35752,2014-03-01T00:00:00.000+05:30,9309
52081,2014-06-16T00:00:00.000+05:30,9309
7968,2013-09-12T00:00:00.000+05:30,9329
50620,2014-06-07T00:00:00.000+05:30,9345
52830,2014-06-22T00:00:00.000+05:30,9346
43489,2014-04-21T00:00:00.000+05:30,9351
17706,2013-11-12T00:00:00.000+05:30,9361
52042,2014-06-16T00:00:00.000+05:30,9362
53399,2014-06-26T00:00:00.000+05:30,9364
10709,2013-09-28T00:00:00.000+05:30,9406
36045,2014-03-03T00:00:00.000+05:30,9410
30781,2014-02-01T00:00:00.000+05:30,9430
40094,2014-03-30T00:00:00.000+05:30,9445
63312,2014-02-20T00:00:00.000+05:30,9470
1025,2013-07-30T00:00:00.000+05:30,9474
17118,2013-11-09T00:00:00.000+05:30,9479
9900,2013-09-25T00:00:00.000+05:30,9485
35844,2014-03-02T00:00:00.000+05:30,9494
57267,2014-07-21T00:00:00.000+05:30,9494
35621,2014-03-01T00:00:00.000+05:30,9499
26755,2014-01-07T00:00:00.000+05:30,9524
40837,2014-04-02T00:00:00.000+05:30,9524
33043,2014-02-14T00:00:00.000+05:30,9533
47695,2014-05-16T00:00:00.000+05:30,9572
39668,2014-03-27T00:00:00.000+05:30,9573
47034,2014-05-12T00:00:00.000+05:30,9573
61388,2013-12-13T00:00:00.000+05:30,9596
54545,2014-07-04T00:00:00.000+05:30,9617
33197,2014-02-15T00:00:00.000+05:30,9632
40203,2014-03-30T00:00:00.000+05:30,9632
65491,2014-05-14T00:00:00.000+05:30,9632
37796,2014-03-14T00:00:00.000+05:30,9633
43904,2014-04-23T00:00:00.000+05:30,9651
26518,2014-01-05T00:00:00.000+05:30,9661
45577,2014-05-03T00:00:00.000+05:30,9665
64378,2014-04-05T00:00:00.000+05:30,9668
60452,2013-11-07T00:00:00.000+05:30,9673
28090,2014-01-14T00:00:00.000+05:30,9701
18074,2013-11-13T00:00:00.000+05:30,9708
25246,2013-12-28T00:00:00.000+05:30,9708
14765,2013-10-26T00:00:00.000+05:30,9711
49045,2014-05-26T00:00:00.000+05:30,9712
12232,2013-10-08T00:00:00.000+05:30,9726
1369,2013-08-01T00:00:00.000+05:30,9729
9799,2013-09-24T00:00:00.000+05:30,9731
35717,2014-03-01T00:00:00.000+05:30,9731
63346,2014-02-21T00:00:00.000+05:30,9733
36968,2014-03-10T00:00:00.000+05:30,9761
19432,2013-11-22T00:00:00.000+05:30,9762
19188,2013-11-21T00:00:00.000+05:30,9764
8426,2013-09-15T00:00:00.000+05:30,9806
32814,2014-02-12T00:00:00.000+05:30,9821
66669,2014-06-27T00:00:00.000+05:30,9821
53275,2014-06-25T00:00:00.000+05:30,9830
56881,2014-07-19T00:00:00.000+05:30,9833
65442,2014-05-12T00:00:00.000+05:30,9833
16900,2013-11-07T00:00:00.000+05:30,9840
46634,2014-05-10T00:00:00.000+05:30,9841
60492,2013-11-09T00:00:00.000+05:30,9841
27775,2014-01-13T00:00:00.000+05:30,9844
68449,2014-05-14T00:00:00.000+05:30,9844
37269,2014-03-11T00:00:00.000+05:30,9846
68476,2014-05-20T00:00:00.000+05:30,9846
64647,2014-04-14T00:00:00.000+05:30,9856
12473,2013-10-09T00:00:00.000+05:30,9858
32442,2014-02-10T00:00:00.000+05:30,9863
50288,2014-06-05T00:00:00.000+05:30,9863
7290,2013-09-08T00:00:00.000+05:30,9867
15901,2013-11-03T00:00:00.000+05:30,9890
7402,2013-09-09T00:00:00.000+05:30,9901
44246,2014-04-25T00:00:00.000+05:30,9922
38288,2014-03-18T00:00:00.000+05:30,9935
10066,2013-09-25T00:00:00.000+05:30,9946
19565,2013-11-23T00:00:00.000+05:30,9946
13027,2013-10-13T00:00:00.000+05:30,9951
15026,2013-10-28T00:00:00.000+05:30,9951
791,2013-07-29T00:00:00.000+05:30,9961
57811,2013-07-27T00:00:00.000+05:30,9961
11950,2013-10-06T00:00:00.000+05:30,9979
54668,2014-07-05T00:00:00.000+05:30,9985
33520,2014-02-16T00:00:00.000+05:30,9989
37619,2014-03-13T00:00:00.000+05:30,10008
2315,2013-08-06T00:00:00.000+05:30,10010
25983,2014-01-01T00:00:00.000+05:30,10016
45632,2014-05-04T00:00:00.000+05:30,10016
34152,2014-02-20T00:00:00.000+05:30,10046
29188,2014-01-21T00:00:00.000+05:30,10052
58504,2013-08-23T00:00:00.000+05:30,10052
34903,2014-02-25T00:00:00.000+05:30,10062
131,2013-07-26T00:00:00.000+05:30,10072
7987,2013-09-12T00:00:00.000+05:30,10082
62667,2014-01-28T00:00:00.000+05:30,10082
29697,2014-01-24T00:00:00.000+05:30,10092
1271,2013-07-31T00:00:00.000+05:30,10095
22842,2013-12-12T00:00:00.000+05:30,10099
25289,2013-12-28T00:00:00.000+05:30,10119
27725,2014-01-12T00:00:00.000+05:30,10122
61851,2013-12-29T00:00:00.000+05:30,10124
45036,2014-04-29T00:00:00.000+05:30,10126
29711,2014-01-24T00:00:00.000+05:30,10133
13291,2013-10-14T00:00:00.000+05:30,10134
19949,2013-11-25T00:00:00.000+05:30,10144
33273,2014-02-15T00:00:00.000+05:30,10144
49197,2014-05-28T00:00:00.000+05:30,10149
57629,2014-07-24T00:00:00.000+05:30,10149
54214,2014-07-02T00:00:00.000+05:30,10155
67633,2013-09-18T00:00:00.000+05:30,10155
52106,2014-06-16T00:00:00.000+05:30,10163
27456,2014-01-11T00:00:00.000+05:30,10168
48177,2014-05-20T00:00:00.000+05:30,10171
24578,2013-12-24T00:00:00.000+05:30,10178
49785,2014-06-01T00:00:00.000+05:30,10200
53331,2014-06-26T00:00:00.000+05:30,10200
60607,2013-11-14T00:00:00.000+05:30,10223
63404,2014-02-23T00:00:00.000+05:30,10227
66725,2014-06-29T00:00:00.000+05:30,10227
24770,2013-12-25T00:00:00.000+05:30,10240
28715,2014-01-18T00:00:00.000+05:30,10240
3960,2013-08-17T00:00:00.000+05:30,10241
49474,2014-05-29T00:00:00.000+05:30,10242
11816,2013-10-05T00:00:00.000+05:30,10265
50013,2014-06-02T00:00:00.000+05:30,10275
13520,2013-10-16T00:00:00.000+05:30,10284
46330,2014-05-08T00:00:00.000+05:30,10284
41861,2014-04-09T00:00:00.000+05:30,10287
58362,2013-08-18T00:00:00.000+05:30,10287
62798,2014-02-01T00:00:00.000+05:30,10287
58777,2013-09-02T00:00:00.000+05:30,10292
12064,2013-10-06T00:00:00.000+05:30,10294
17402,2013-11-10T00:00:00.000+05:30,10294
63319,2014-02-21T00:00:00.000+05:30,10294
43271,2014-04-19T00:00:00.000+05:30,10296
32842,2014-02-12T00:00:00.000+05:30,10304
36041,2014-03-03T00:00:00.000+05:30,10307
8025,2013-09-12T00:00:00.000+05:30,10310
40431,2014-03-31T00:00:00.000+05:30,10310
53948,2014-06-30T00:00:00.000+05:30,10310
43576,2014-04-21T00:00:00.000+05:30,10311
47175,2014-05-13T00:00:00.000+05:30,10312
11190,2013-10-02T00:00:00.000+05:30,10315
61905,2014-01-01T00:00:00.000+05:30,10320
24839,2013-12-26T00:00:00.000+05:30,10323
36306,2014-03-04T00:00:00.000+05:30,10323
37886,2014-03-15T00:00:00.000+05:30,10334
36745,2014-03-07T00:00:00.000+05:30,10340
6634,2013-09-05T00:00:00.000+05:30,10344
9307,2013-09-21T00:00:00.000+05:30,10346
67279,2014-07-20T00:00:00.000+05:30,10358
1576,2013-08-02T00:00:00.000+05:30,10363
65146,2014-05-02T00:00:00.000+05:30,10363
3732,2013-08-15T00:00:00.000+05:30,10371
43861,2014-04-23T00:00:00.000+05:30,10376
67195,2014-07-17T00:00:00.000+05:30,10379
4449,2013-08-20T00:00:00.000+05:30,10381
7668,2013-09-10T00:00:00.000+05:30,10383
27052,2014-01-09T00:00:00.000+05:30,10390
22460,2013-12-10T00:00:00.000+05:30,10391
26387,2014-01-05T00:00:00.000+05:30,10391
56221,2014-07-15T00:00:00.000+05:30,10391
55950,2014-07-14T00:00:00.000+05:30,10403
41437,2014-04-06T00:00:00.000+05:30,10418
55070,2014-07-08T00:00:00.000+05:30,10418
4968,2013-08-24T00:00:00.000+05:30,10438
45764,2014-05-05T00:00:00.000+05:30,10441
8835,2013-09-18T00:00:00.000+05:30,10448
56762,2014-07-19T00:00:00.000+05:30,10449
22013,2013-12-07T00:00:00.000+05:30,10456
55619,2014-07-12T00:00:00.000+05:30,10456
19809,2013-11-24T00:00:00.000+05:30,10458
27788,2014-01-13T00:00:00.000+05:30,10458
28827,2014-01-19T00:00:00.000+05:30,10461
53366,2014-06-26T00:00:00.000+05:30,10480
53018,2014-06-24T00:00:00.000+05:30,10488
56779,2014-07-19T00:00:00.000+05:30,10490
30364,2014-01-30T00:00:00.000+05:30,10491
55748,2014-07-13T00:00:00.000+05:30,10491
65859,2014-05-31T00:00:00.000+05:30,10491
46560,2014-05-09T00:00:00.000+05:30,10494
1517,2013-08-01T00:00:00.000+05:30,10515
1103,2013-07-31T00:00:00.000+05:30,10519
27919,2014-01-13T00:00:00.000+05:30,10519
12721,2013-10-11T00:00:00.000+05:30,10552
45202,2014-05-01T00:00:00.000+05:30,10555
54481,2014-07-04T00:00:00.000+05:30,10569
39765,2014-03-27T00:00:00.000+05:30,10582
55443,2014-07-10T00:00:00.000+05:30,10586
62248,2014-01-13T00:00:00.000+05:30,10592
55555,2014-07-11T00:00:00.000+05:30,10607
12603,2013-10-10T00:00:00.000+05:30,10634
15319,2013-10-31T00:00:00.000+05:30,10634
46131,2014-05-07T00:00:00.000+05:30,10634
48626,2014-05-23T00:00:00.000+05:30,10634
12053,2013-10-06T00:00:00.000+05:30,10639
23542,2013-12-18T00:00:00.000+05:30,10639
37127,2014-03-11T00:00:00.000+05:30,10663
6631,2013-09-05T00:00:00.000+05:30,10668
54445,2014-07-04T00:00:00.000+05:30,10668
61192,2013-12-04T00:00:00.000+05:30,10668
47969,2014-05-18T00:00:00.000+05:30,10679
5666,2013-08-29T00:00:00.000+05:30,10685
16110,2013-11-04T00:00:00.000+05:30,10685
35926,2014-03-03T00:00:00.000+05:30,10685
49187,2014-05-27T00:00:00.000+05:30,10694
11648,2013-10-04T00:00:00.000+05:30,10721
20509,2013-11-29T00:00:00.000+05:30,10724
49376,2014-05-28T00:00:00.000+05:30,10737
31116,2014-02-02T00:00:00.000+05:30,10741
68150,2014-02-17T00:00:00.000+05:30,10741
58212,2013-08-11T00:00:00.000+05:30,10749
1625,2013-08-02T00:00:00.000+05:30,10752
55865,2014-07-13T00:00:00.000+05:30,10752
13046,2013-10-13T00:00:00.000+05:30,10765
39589,2014-03-26T00:00:00.000+05:30,10765
7924,2013-09-12T00:00:00.000+05:30,10778
65134,2014-05-02T00:00:00.000+05:30,10778
13594,2013-10-17T00:00:00.000+05:30,10780
12214,2013-10-08T00:00:00.000+05:30,10789
4696,2013-08-22T00:00:00.000+05:30,10790
35000,2014-02-25T00:00:00.000+05:30,10800
49595,2014-05-30T00:00:00.000+05:30,10800
32191,2014-02-09T00:00:00.000+05:30,10812
61645,2013-12-21T00:00:00.000+05:30,10813
63953,2014-03-18T00:00:00.000+05:30,10824
58631,2013-08-27T00:00:00.000+05:30,10826
33983,2014-02-19T00:00:00.000+05:30,10829
5677,2013-08-29T00:00:00.000+05:30,10830
24351,2013-12-23T00:00:00.000+05:30,10839
28156,2014-01-15T00:00:00.000+05:30,10841
17004,2013-11-08T00:00:00.000+05:30,10842
2436,2013-08-07T00:00:00.000+05:30,10851
2937,2013-08-10T00:00:00.000+05:30,10860
54100,2014-07-01T00:00:00.000+05:30,10867
57630,2014-07-24T00:00:00.000+05:30,10873
10866,2013-09-30T00:00:00.000+05:30,10888
33200,2014-02-15T00:00:00.000+05:30,10888
27177,2014-01-10T00:00:00.000+05:30,10890
41407,2014-04-05T00:00:00.000+05:30,10905
38576,2014-03-20T00:00:00.000+05:30,10923
20578,2013-11-29T00:00:00.000+05:30,10928
29327,2014-01-22T00:00:00.000+05:30,10936
14406,2013-10-23T00:00:00.000+05:30,10960
5416,2013-08-26T00:00:00.000+05:30,10965
5348,2013-08-26T00:00:00.000+05:30,10966
8977,2013-09-19T00:00:00.000+05:30,10966
16033,2013-11-03T00:00:00.000+05:30,10967
27002,2014-01-09T00:00:00.000+05:30,10976
50031,2014-06-02T00:00:00.000+05:30,10987
50439,2014-06-06T00:00:00.000+05:30,10992
13498,2013-10-16T00:00:00.000+05:30,10996
15788,2013-11-02T00:00:00.000+05:30,10998
64105,2014-03-24T00:00:00.000+05:30,11013
25649,2013-12-31T00:00:00.000+05:30,11017
61277,2013-12-08T00:00:00.000+05:30,11032
1866,2013-08-03T00:00:00.000+05:30,11051
39600,2014-03-26T00:00:00.000+05:30,11054
1811,2013-08-03T00:00:00.000+05:30,11065
5408,2013-08-26T00:00:00.000+05:30,11084
36456,2014-03-05T00:00:00.000+05:30,11087
56910,2014-07-20T00:00:00.000+05:30,11087
65302,2014-05-08T00:00:00.000+05:30,11098
40604,2014-04-01T00:00:00.000+05:30,11113
32568,2014-02-11T00:00:00.000+05:30,11124
18517,2013-11-16T00:00:00.000+05:30,11129
20775,2013-11-30T00:00:00.000+05:30,11129
21882,2013-12-06T00:00:00.000+05:30,11129
49439,2014-05-29T00:00:00.000+05:30,11129
14691,2013-10-25T00:00:00.000+05:30,11133
31870,2014-02-07T00:00:00.000+05:30,11133
67872,2013-12-03T00:00:00.000+05:30,11135
50691,2014-06-08T00:00:00.000+05:30,11144
42289,2014-04-11T00:00:00.000+05:30,11146
16339,2013-11-05T00:00:00.000+05:30,11163
65052,2014-04-28T00:00:00.000+05:30,11164
64690,2014-04-15T00:00:00.000+05:30,11173
59497,2013-10-01T00:00:00.000+05:30,11175
47204,2014-05-13T00:00:00.000+05:30,11182
55198,2014-07-09T00:00:00.000+05:30,11187
64558,2014-04-11T00:00:00.000+05:30,11187
26540,2014-01-05T00:00:00.000+05:30,11208
20778,2013-11-30T00:00:00.000+05:30,11209
16883,2013-11-07T00:00:00.000+05:30,11227
39354,2014-03-25T00:00:00.000+05:30,11227
21925,2013-12-06T00:00:00.000+05:30,11230
56541,2014-07-18T00:00:00.000+05:30,11235
33241,2014-02-15T00:00:00.000+05:30,11259
39653,2014-03-27T00:00:00.000+05:30,11264
40403,2014-03-31T00:00:00.000+05:30,11264
36177,2014-03-04T00:00:00.000+05:30,11294
13689,2013-10-18T00:00:00.000+05:30,11295
23506,2013-12-18T00:00:00.000+05:30,11295
48311,2014-05-20T00:00:00.000+05:30,11295
56436,2014-07-17T00:00:00.000+05:30,11299
12693,2013-10-11T00:00:00.000+05:30,11301
1810,2013-08-03T00:00:00.000+05:30,11308
11455,2013-10-04T00:00:00.000+05:30,11313
42875,2014-04-16T00:00:00.000+05:30,11313
34878,2014-02-25T00:00:00.000+05:30,11324
616,2013-07-28T00:00:00.000+05:30,11330
5406,2013-08-26T00:00:00.000+05:30,11333
10665,2013-09-28T00:00:00.000+05:30,11333
40144,2014-03-30T00:00:00.000+05:30,11333
28977,2014-01-20T00:00:00.000+05:30,11336
31691,2014-02-06T00:00:00.000+05:30,11337
21669,2013-12-05T00:00:00.000+05:30,11346
43924,2014-04-23T00:00:00.000+05:30,11349
32689,2014-02-12T00:00:00.000+05:30,11366
7450,2013-09-09T00:00:00.000+05:30,11373
36424,2014-03-05T00:00:00.000+05:30,11373
40102,2014-03-30T00:00:00.000+05:30,11375
26909,2014-01-08T00:00:00.000+05:30,11378
29043,2014-01-20T00:00:00.000+05:30,11379
47446,2014-05-14T00:00:00.000+05:30,11379
39262,2014-03-24T00:00:00.000+05:30,11390
31902,2014-02-07T00:00:00.000+05:30,11397
67251,2014-07-19T00:00:00.000+05:30,11397
9272,2013-09-21T00:00:00.000+05:30,11422
12713,2013-10-11T00:00:00.000+05:30,11427
16621,2013-11-06T00:00:00.000+05:30,11429
64413,2014-04-06T00:00:00.000+05:30,11438
11877,2013-10-05T00:00:00.000+05:30,11440
6507,2013-09-03T00:00:00.000+05:30,11450
28421,2014-01-16T00:00:00.000+05:30,11450
39675,2014-03-27T00:00:00.000+05:30,11461
60191,2013-10-29T00:00:00.000+05:30,11461
21486,2013-12-04T00:00:00.000+05:30,11463
57834,2013-07-27T00:00:00.000+05:30,11463
41245,2014-04-04T00:00:00.000+05:30,11470
15314,2013-10-31T00:00:00.000+05:30,11472
52881,2014-06-23T00:00:00.000+05:30,11488
59168,2013-09-18T00:00:00.000+05:30,11488
3790,2013-08-16T00:00:00.000+05:30,11496
18897,2013-11-19T00:00:00.000+05:30,11497
31891,2014-02-07T00:00:00.000+05:30,11504
31880,2014-02-07T00:00:00.000+05:30,11512
62126,2014-01-09T00:00:00.000+05:30,11512
28461,2014-01-16T00:00:00.000+05:30,11535
34551,2014-02-23T00:00:00.000+05:30,11535
50246,2014-06-05T00:00:00.000+05:30,11543
9744,2013-09-24T00:00:00.000+05:30,11555
41508,2014-04-07T00:00:00.000+05:30,11555
66643,2014-06-26T00:00:00.000+05:30,11565
38541,2014-03-19T00:00:00.000+05:30,11566
33960,2014-02-19T00:00:00.000+05:30,11572
48755,2014-05-24T00:00:00.000+05:30,11576
49511,2014-05-29T00:00:00.000+05:30,11578
4149,2013-08-18T00:00:00.000+05:30,11598
59911,2013-10-17T00:00:00.000+05:30,11599
5089,2013-08-24T00:00:00.000+05:30,11624
17928,2013-11-13T00:00:00.000+05:30,11630
20263,2013-11-28T00:00:00.000+05:30,11640
11724,2013-10-05T00:00:00.000+05:30,11645
13193,2013-10-13T00:00:00.000+05:30,11656
17403,2013-11-10T00:00:00.000+05:30,11656
5746,2013-08-29T00:00:00.000+05:30,11660
39404,2014-03-25T00:00:00.000+05:30,11681
44088,2014-04-24T00:00:00.000+05:30,11690
29111,2014-01-21T00:00:00.000+05:30,11704
19988,2013-11-25T00:00:00.000+05:30,11705
36589,2014-03-06T00:00:00.000+05:30,11709
45276,2014-05-02T00:00:00.000+05:30,11713
41661,2014-04-08T00:00:00.000+05:30,11723
24885,2013-12-26T00:00:00.000+05:30,11728
27770,2014-01-13T00:00:00.000+05:30,11728
38677,2014-03-20T00:00:00.000+05:30,11728
1183,2013-07-31T00:00:00.000+05:30,11732
60196,2013-10-29T00:00:00.000+05:30,11742
24914,2013-12-26T00:00:00.000+05:30,11751
49380,2014-05-28T00:00:00.000+05:30,11751
36511,2014-03-06T00:00:00.000+05:30,11753
60868,2013-11-22T00:00:00.000+05:30,11753
63142,2014-02-13T00:00:00.000+05:30,11753
63591,2014-03-03T00:00:00.000+05:30,11762
17695,2013-11-11T00:00:00.000+05:30,11767
34835,2014-02-25T00:00:00.000+05:30,11767
7837,2013-09-11T00:00:00.000+05:30,11769
24218,2013-12-22T00:00:00.000+05:30,11775
9238,2013-09-21T00:00:00.000+05:30,11778
17963,2013-11-13T00:00:00.000+05:30,11778
29075,2014-01-20T00:00:00.000+05:30,11778
9718,2013-09-24T00:00:00.000+05:30,11786
12210,2013-10-08T00:00:00.000+05:30,11809
12222,2013-10-08T00:00:00.000+05:30,11811
46617,2014-05-10T00:00:00.000+05:30,11817
63446,2014-02-26T00:00:00.000+05:30,11819
39395,2014-03-25T00:00:00.000+05:30,11824
2856,2013-08-10T00:00:00.000+05:30,11829
23797,2013-12-20T00:00:00.000+05:30,11829
26602,2014-01-05T00:00:00.000+05:30,11835
40946,2014-04-03T00:00:00.000+05:30,11837
1027,2013-07-30T00:00:00.000+05:30,11873
57600,2014-07-24T00:00:00.000+05:30,11876
64973,2014-04-25T00:00:00.000+05:30,11876
25482,2013-12-30T00:00:00.000+05:30,11880
41898,2014-04-09T00:00:00.000+05:30,11884
2260,2013-08-06T00:00:00.000+05:30,11890
22648,2013-12-11T00:00:00.000+05:30,11890
55346,2014-07-10T00:00:00.000+05:30,11894
7992,2013-09-12T00:00:00.000+05:30,11897
3755,2013-08-15T00:00:00.000+05:30,11903
44969,2014-04-29T00:00:00.000+05:30,11903
46396,2014-05-09T00:00:00.000+05:30,11903
59113,2013-09-16T00:00:00.000+05:30,11905
15728,2013-11-02T00:00:00.000+05:30,11923
55178,2014-07-08T00:00:00.000+05:30,11923
27881,2014-01-13T00:00:00.000+05:30,11941
28585,2014-01-17T00:00:00.000+05:30,11946
15691,2013-11-02T00:00:00.000+05:30,11949
59253,2013-09-22T00:00:00.000+05:30,11959
15247,2013-10-30T00:00:00.000+05:30,11962
17714,2013-11-12T00:00:00.000+05:30,11968
42154,2014-04-10T00:00:00.000+05:30,11977
14292,2013-10-23T00:00:00.000+05:30,11984
34870,2014-02-25T00:00:00.000+05:30,11984
57367,2014-07-21T00:00:00.000+05:30,11984
58083,2013-08-07T00:00:00.000+05:30,11984
29669,2014-01-24T00:00:00.000+05:30,11987
2709,2013-08-09T00:00:00.000+05:30,11995
62368,2014-01-19T00:00:00.000+05:30,11995
57256,2014-07-21T00:00:00.000+05:30,12000
33756,2014-02-18T00:00:00.000+05:30,12028
48407,2014-05-21T00:00:00.000+05:30,12028
56184,2014-07-15T00:00:00.000+05:30,12029
17377,2013-11-10T00:00:00.000+05:30,12031
1221,2013-07-31T00:00:00.000+05:30,12032
52607,2014-06-19T00:00:00.000+05:30,12032
39242,2014-03-24T00:00:00.000+05:30,12035
49726,2014-05-31T00:00:00.000+05:30,12045
43081,2014-04-18T00:00:00.000+05:30,12047
29098,2014-01-21T00:00:00.000+05:30,12050
50382,2014-06-06T00:00:00.000+05:30,12050
35191,2014-02-27T00:00:00.000+05:30,12051
63822,2014-03-13T00:00:00.000+05:30,12063
9436,2013-09-22T00:00:00.000+05:30,12065
10144,2013-09-26T00:00:00.000+05:30,12065
9877,2013-09-25T00:00:00.000+05:30,12084
9746,2013-09-24T00:00:00.000+05:30,12087
28575,2014-01-17T00:00:00.000+05:30,12087
55263,2014-07-09T00:00:00.000+05:30,12087
195,2013-07-26T00:00:00.000+05:30,12096
64195,2014-03-28T00:00:00.000+05:30,12096
16461,2013-11-05T00:00:00.000+05:30,12099
10223,2013-09-26T00:00:00.000+05:30,12100
68253,2014-03-20T00:00:00.000+05:30,12100
46870,2014-05-11T00:00:00.000+05:30,12101
56782,2014-07-19T00:00:00.000+05:30,12118
100,2013-07-25T00:00:00.000+05:30,12131
19313,2013-11-22T00:00:00.000+05:30,12132
59227,2013-09-21T00:00:00.000+05:30,12135
62264,2014-01-14T00:00:00.000+05:30,12141
16424,2013-11-05T00:00:00.000+05:30,12143
47081,2014-05-12T00:00:00.000+05:30,12143
60557,2013-11-11T00:00:00.000+05:30,12143
108,2013-07-26T00:00:00.000+05:30,12149
11187,2013-10-02T00:00:00.000+05:30,12150
14619,2013-10-25T00:00:00.000+05:30,12152
61433,2013-12-14T00:00:00.000+05:30,12160
27704,2014-01-12T00:00:00.000+05:30,12168
48,2013-07-25T00:00:00.000+05:30,12186
51999,2014-06-16T00:00:00.000+05:30,12186
68334,2014-04-11T00:00:00.000+05:30,12228
36484,2014-03-06T00:00:00.000+05:30,12234
35997,2014-03-03T00:00:00.000+05:30,12238
54096,2014-07-01T00:00:00.000+05:30,12238
26285,2014-01-03T00:00:00.000+05:30,12239
3450,2013-08-14T00:00:00.000+05:30,12254
68841,2014-05-14T00:00:00.000+05:30,12258
19942,2013-11-25T00:00:00.000+05:30,12269
57634,2014-07-24T00:00:00.000+05:30,12270
49938,2014-06-02T00:00:00.000+05:30,12271
11672,2013-10-04T00:00:00.000+05:30,12280
65965,2014-06-03T00:00:00.000+05:30,12280
4837,2013-08-23T00:00:00.000+05:30,12283
20981,2013-12-01T00:00:00.000+05:30,12285
24743,2013-12-25T00:00:00.000+05:30,12285
41449,2014-04-06T00:00:00.000+05:30,12285
52802,2014-06-21T00:00:00.000+05:30,12286
65015,2014-04-27T00:00:00.000+05:30,12286
26168,2014-01-03T00:00:00.000+05:30,12292
20211,2013-11-27T00:00:00.000+05:30,12302
5154,2013-08-25T00:00:00.000+05:30,12310
7307,2013-09-08T00:00:00.000+05:30,12321
4798,2013-08-23T00:00:00.000+05:30,12323
11314,2013-10-02T00:00:00.000+05:30,12329
2409,2013-08-07T00:00:00.000+05:30,12352
46687,2014-05-10T00:00:00.000+05:30,12355
47521,2014-05-15T00:00:00.000+05:30,12355
2449,2013-08-07T00:00:00.000+05:30,12359
29118,2014-01-21T00:00:00.000+05:30,12365
54658,2014-07-05T00:00:00.000+05:30,12365
68372,2014-04-22T00:00:00.000+05:30,12365
33195,2014-02-15T00:00:00.000+05:30,12366
43706,2014-04-21T00:00:00.000+05:30,12368
60803,2013-11-20T00:00:00.000+05:30,12373
8107,2013-09-13T00:00:00.000+05:30,12376
20405,2013-11-28T00:00:00.000+05:30,12379
38067,2014-03-16T00:00:00.000+05:30,12383
9160,2013-09-20T00:00:00.000+05:30,12385
45394,2014-05-02T00:00:00.000+05:30,12391
15457,2013-10-31T00:00:00.000+05:30,12403
40705,2014-04-02T00:00:00.000+05:30,12403
37136,2014-03-11T00:00:00.000+05:30,12406
43610,2014-04-21T00:00:00.000+05:30,12406
37793,2014-03-14T00:00:00.000+05:30,12429
