15307,2013-10-31T00:00:00.000+05:30,204
19946,2013-11-25T00:00:00.000+05:30,240
6516,2013-09-04T00:00:00.000+05:30,319
49162,2014-05-27T00:00:00.000+05:30,345
278,2013-07-26T00:00:00.000+05:30,488
21226,2013-12-03T00:00:00.000+05:30,757
55567,2014-07-11T00:00:00.000+05:30,846
38012,2014-03-15T00:00:00.000+05:30,896
11,2013-07-25T00:00:00.000+05:30,918
20654,2013-11-29T00:00:00.000+05:30,1008
23357,2013-12-17T00:00:00.000+05:30,1011
53793,2014-06-29T00:00:00.000+05:30,1011
2289,2013-08-06T00:00:00.000+05:30,1218
10649,2013-09-28T00:00:00.000+05:30,1413
7384,2013-09-09T00:00:00.000+05:30,1502
17296,2013-11-09T00:00:00.000+05:30,1510
63695,2014-03-07T00:00:00.000+05:30,1568
41156,2014-04-04T00:00:00.000+05:30,1638
25832,2013-12-31T00:00:00.000+05:30,1649
14858,2013-10-27T00:00:00.000+05:30,1859
1344,2013-08-01T00:00:00.000+05:30,1867
30542,2014-01-30T00:00:00.000+05:30,1881
38362,2014-03-18T00:00:00.000+05:30,1881
56097,2014-07-15T00:00:00.000+05:30,1950
7226,2013-09-08T00:00:00.000+05:30,2082
68264,2014-03-23T00:00:00.000+05:30,2182
22616,2013-12-11T00:00:00.000+05:30,2192
408,2013-07-27T00:00:00.000+05:30,2252
20959,2013-12-01T00:00:00.000+05:30,2252
67638,2013-09-21T00:00:00.000+05:30,2310
61305,2013-12-09T00:00:00.000+05:30,2335
15022,2013-10-28T00:00:00.000+05:30,2496
50427,2014-06-06T00:00:00.000+05:30,2610
52472,2014-06-19T00:00:00.000+05:30,2641
20967,2013-12-01T00:00:00.000+05:30,2735
29545,2014-01-23T00:00:00.000+05:30,2782
55250,2014-07-09T00:00:00.000+05:30,2853
3125,2013-08-11T00:00:00.000+05:30,2942
35631,2014-03-01T00:00:00.000+05:30,2965
17265,2013-11-09T00:00:00.000+05:30,3041
55700,2014-07-12T00:00:00.000+05:30,3053
2440,2013-08-07T00:00:00.000+05:30,3154
12146,2013-10-07T00:00:00.000+05:30,3350
33679,2014-02-17T00:00:00.000+05:30,3363
33496,2014-02-16T00:00:00.000+05:30,3405
34950,2014-02-25T00:00:00.000+05:30,3422
55013,2014-07-08T00:00:00.000+05:30,3492
737,2013-07-29T00:00:00.000+05:30,3567
9669,2013-09-24T00:00:00.000+05:30,3571
12753,2013-10-11T00:00:00.000+05:30,3640
20419,2013-11-28T00:00:00.000+05:30,3820
28755,2014-01-19T00:00:00.000+05:30,3917
14875,2013-10-27T00:00:00.000+05:30,4014
67769,2013-11-03T00:00:00.000+05:30,4035
17252,2013-11-09T00:00:00.000+05:30,4083
22767,2013-12-11T00:00:00.000+05:30,4258
5187,2013-08-25T00:00:00.000+05:30,4424
35828,2014-03-02T00:00:00.000+05:30,4448
34521,2014-02-22T00:00:00.000+05:30,4454
3832,2013-08-16T00:00:00.000+05:30,4517
16668,2013-11-06T00:00:00.000+05:30,4550
45724,2014-05-04T00:00:00.000+05:30,4620
64968,2014-04-25T00:00:00.000+05:30,4741
22655,2013-12-11T00:00:00.000+05:30,4790
47995,2014-05-18T00:00:00.000+05:30,5082
1734,2013-08-03T00:00:00.000+05:30,5182
45624,2014-05-04T00:00:00.000+05:30,5192
55631,2014-07-12T00:00:00.000+05:30,5211
14463,2013-10-24T00:00:00.000+05:30,5253
31844,2014-02-07T00:00:00.000+05:30,5372
44038,2014-04-24T00:00:00.000+05:30,5372
53959,2014-06-30T00:00:00.000+05:30,5484
4294,2013-08-19T00:00:00.000+05:30,5549
13160,2013-10-13T00:00:00.000+05:30,5592
34514,2014-02-22T00:00:00.000+05:30,5684
27514,2014-01-11T00:00:00.000+05:30,5782
29057,2014-01-20T00:00:00.000+05:30,5928
32611,2014-02-11T00:00:00.000+05:30,5993
24957,2013-12-26T00:00:00.000+05:30,6005
67420,2013-07-26T00:00:00.000+05:30,6005
28798,2014-01-19T00:00:00.000+05:30,6086
44478,2014-04-26T00:00:00.000+05:30,6211
54303,2014-07-03T00:00:00.000+05:30,6277
52711,2014-06-20T00:00:00.000+05:30,6358
30353,2014-01-29T00:00:00.000+05:30,6385
68562,2014-06-15T00:00:00.000+05:30,6385
61824,2013-12-28T00:00:00.000+05:30,6570
59210,2013-09-20T00:00:00.000+05:30,6696
52576,2014-06-19T00:00:00.000+05:30,6746
9282,2013-09-21T00:00:00.000+05:30,6782
27650,2014-01-12T00:00:00.000+05:30,6829
4735,2013-08-23T00:00:00.000+05:30,6878
56137,2014-07-15T00:00:00.000+05:30,6950
18465,2013-11-16T00:00:00.000+05:30,6971
35268,2014-02-27T00:00:00.000+05:30,7010
30598,2014-01-31T00:00:00.000+05:30,7032
63859,2014-03-15T00:00:00.000+05:30,7239
24246,2013-12-22T00:00:00.000+05:30,7317
17712,2013-11-12T00:00:00.000+05:30,7414
40374,2014-03-31T00:00:00.000+05:30,7523
4486,2013-08-21T00:00:00.000+05:30,7562
66547,2014-06-22T00:00:00.000+05:30,7647
61168,2013-12-03T00:00:00.000+05:30,7751
33640,2014-02-17T00:00:00.000+05:30,7757
59565,2013-10-03T00:00:00.000+05:30,7760
24923,2013-12-26T00:00:00.000+05:30,7763
29049,2014-01-20T00:00:00.000+05:30,7831
29646,2014-01-24T00:00:00.000+05:30,7883
36910,2014-03-10T00:00:00.000+05:30,7925
41445,2014-04-06T00:00:00.000+05:30,8024
62286,2014-01-15T00:00:00.000+05:30,8054
37590,2014-03-13T00:00:00.000+05:30,8096
21555,2013-12-05T00:00:00.000+05:30,8140
41290,2014-04-04T00:00:00.000+05:30,8197
50907,2014-06-09T00:00:00.000+05:30,8259
16416,2013-11-05T00:00:00.000+05:30,8260
13317,2013-10-15T00:00:00.000+05:30,8274
42515,2014-04-12T00:00:00.000+05:30,8302
66099,2014-06-07T00:00:00.000+05:30,8346
46403,2014-05-09T00:00:00.000+05:30,8401
6800,2013-09-05T00:00:00.000+05:30,8464
4060,2013-08-17T00:00:00.000+05:30,8488
30913,2014-02-01T00:00:00.000+05:30,8561
28347,2014-01-16T00:00:00.000+05:30,8579
78,2013-07-25T00:00:00.000+05:30,8619
26470,2014-01-05T00:00:00.000+05:30,8622
54933,2014-07-07T00:00:00.000+05:30,8647
13789,2013-10-19T00:00:00.000+05:30,8664
37539,2014-03-13T00:00:00.000+05:30,8759
40408,2014-03-31T00:00:00.000+05:30,8850
21705,2013-12-05T00:00:00.000+05:30,9044
11063,2013-10-01T00:00:00.000+05:30,9071
33890,2014-02-18T00:00:00.000+05:30,9200
30448,2014-01-30T00:00:00.000+05:30,9364
17120,2013-11-09T00:00:00.000+05:30,9433
46745,2014-05-10T00:00:00.000+05:30,9444
52009,2014-06-16T00:00:00.000+05:30,9511
21815,2013-12-06T00:00:00.000+05:30,9641
47885,2014-05-17T00:00:00.000+05:30,9682
7907,2013-09-12T00:00:00.000+05:30,9691
30305,2014-01-29T00:00:00.000+05:30,9702
7130,2013-09-07T00:00:00.000+05:30,9726
7403,2013-09-09T00:00:00.000+05:30,9831
35356,2014-02-28T00:00:00.000+05:30,9849
36459,2014-03-05T00:00:00.000+05:30,9891
43191,2014-04-18T00:00:00.000+05:30,9901
54304,2014-07-03T00:00:00.000+05:30,9976
32230,2014-02-09T00:00:00.000+05:30,10151
40105,2014-03-30T00:00:00.000+05:30,10275
64559,2014-04-11T00:00:00.000+05:30,10366
20027,2013-11-26T00:00:00.000+05:30,10371
39079,2014-03-23T00:00:00.000+05:30,10456
61144,2013-12-03T00:00:00.000+05:30,10572
3210,2013-08-12T00:00:00.000+05:30,10634
46158,2014-05-07T00:00:00.000+05:30,10635
48923,2014-05-25T00:00:00.000+05:30,10685
20375,2013-11-28T00:00:00.000+05:30,10724
16015,2013-11-03T00:00:00.000+05:30,10807
28761,2014-01-19T00:00:00.000+05:30,10841
29727,2014-01-24T00:00:00.000+05:30,10851
8919,2013-09-19T00:00:00.000+05:30,10965
68179,2014-02-26T00:00:00.000+05:30,10967
35309,2014-02-27T00:00:00.000+05:30,11036
7516,2013-09-09T00:00:00.000+05:30,11148
39159,2014-03-23T00:00:00.000+05:30,11292
47120,2014-05-12T00:00:00.000+05:30,11301
28595,2014-01-17T00:00:00.000+05:30,11497
58984,2013-09-10T00:00:00.000+05:30,11497
16027,2013-11-03T00:00:00.000+05:30,11536
51239,2014-06-11T00:00:00.000+05:30,11578
1735,2013-08-03T00:00:00.000+05:30,11656
39240,2014-03-24T00:00:00.000+05:30,11705
8561,2013-09-17T00:00:00.000+05:30,11713
37963,2014-03-15T00:00:00.000+05:30,11713
62770,2014-01-31T00:00:00.000+05:30,11880
48347,2014-05-20T00:00:00.000+05:30,12047
56414,2014-07-17T00:00:00.000+05:30,12202
53301,2014-06-25T00:00:00.000+05:30,12366
5390,2013-08-26T00:00:00.000+05:30,12385
