34546,2014-02-23T00:00:00.000+05:30,53
7889,2013-09-12T00:00:00.000+05:30,64
66937,2014-07-07T00:00:00.000+05:30,94
31522,2014-02-05T00:00:00.000+05:30,105
20395,2013-11-28T00:00:00.000+05:30,117
37521,2014-03-13T00:00:00.000+05:30,213
21592,2013-12-05T00:00:00.000+05:30,228
58238,2013-08-12T00:00:00.000+05:30,260
3970,2013-08-17T00:00:00.000+05:30,294
48748,2014-05-24T00:00:00.000+05:30,375
2150,2013-08-05T00:00:00.000+05:30,385
56812,2014-07-19T00:00:00.000+05:30,390
37177,2014-03-11T00:00:00.000+05:30,392
38002,2014-03-15T00:00:00.000+05:30,402
41901,2014-04-09T00:00:00.000+05:30,474
4888,2013-08-24T00:00:00.000+05:30,506
36265,2014-03-04T00:00:00.000+05:30,551
33603,2014-02-17T00:00:00.000+05:30,552
63363,2014-02-22T00:00:00.000+05:30,588
13016,2013-10-13T00:00:00.000+05:30,599
3295,2013-08-12T00:00:00.000+05:30,651
55242,2014-07-09T00:00:00.000+05:30,655
16641,2013-11-06T00:00:00.000+05:30,666
42762,2014-04-15T00:00:00.000+05:30,712
37376,2014-03-12T00:00:00.000+05:30,743
21677,2013-12-05T00:00:00.000+05:30,753
52202,2014-06-17T00:00:00.000+05:30,794
21362,2013-12-03T00:00:00.000+05:30,813
63285,2014-02-19T00:00:00.000+05:30,845
51024,2014-06-09T00:00:00.000+05:30,859
67334,2014-07-22T00:00:00.000+05:30,898
53178,2014-06-25T00:00:00.000+05:30,941
13454,2013-10-15T00:00:00.000+05:30,1004
37800,2014-03-14T00:00:00.000+05:30,1025
18402,2013-11-15T00:00:00.000+05:30,1038
40557,2014-04-01T00:00:00.000+05:30,1060
53219,2014-06-25T00:00:00.000+05:30,1089
68059,2014-01-25T00:00:00.000+05:30,1102
46594,2014-05-10T00:00:00.000+05:30,1136
37360,2014-03-12T00:00:00.000+05:30,1145
61554,2013-12-18T00:00:00.000+05:30,1159
15604,2013-11-01T00:00:00.000+05:30,1203
63474,2014-02-26T00:00:00.000+05:30,1212
40382,2014-03-31T00:00:00.000+05:30,1276
57433,2014-07-22T00:00:00.000+05:30,1417
63466,2014-02-26T00:00:00.000+05:30,1460
27641,2014-01-12T00:00:00.000+05:30,1499
39537,2014-03-26T00:00:00.000+05:30,1693
35711,2014-03-01T00:00:00.000+05:30,1702
49675,2014-05-31T00:00:00.000+05:30,1760
11729,2013-10-05T00:00:00.000+05:30,1804
35462,2014-02-28T00:00:00.000+05:30,1805
58408,2013-08-19T00:00:00.000+05:30,1819
60203,2013-10-29T00:00:00.000+05:30,1844
50356,2014-06-06T00:00:00.000+05:30,1870
62680,2014-01-28T00:00:00.000+05:30,1912
54851,2014-07-07T00:00:00.000+05:30,2012
58427,2013-08-20T00:00:00.000+05:30,2094
48224,2014-05-20T00:00:00.000+05:30,2095
21482,2013-12-04T00:00:00.000+05:30,2111
64923,2014-04-24T00:00:00.000+05:30,2154
49531,2014-05-30T00:00:00.000+05:30,2173
22875,2013-12-12T00:00:00.000+05:30,2235
61692,2013-12-22T00:00:00.000+05:30,2307
45102,2014-04-30T00:00:00.000+05:30,2329
49230,2014-05-28T00:00:00.000+05:30,2334
31926,2014-02-07T00:00:00.000+05:30,2387
5629,2013-08-28T00:00:00.000+05:30,2389
48235,2014-05-20T00:00:00.000+05:30,2428
2153,2013-08-05T00:00:00.000+05:30,2430
4698,2013-08-22T00:00:00.000+05:30,2433
33999,2014-02-19T00:00:00.000+05:30,2440
20958,2013-12-01T00:00:00.000+05:30,2462
17790,2013-11-12T00:00:00.000+05:30,2500
44781,2014-04-28T00:00:00.000+05:30,2532
31593,2014-02-05T00:00:00.000+05:30,2563
50713,2014-06-08T00:00:00.000+05:30,2577
10637,2013-09-28T00:00:00.000+05:30,2693
19049,2013-11-20T00:00:00.000+05:30,2701
65646,2014-05-21T00:00:00.000+05:30,2701
63065,2014-02-11T00:00:00.000+05:30,2705
35076,2014-02-26T00:00:00.000+05:30,2752
2921,2013-08-10T00:00:00.000+05:30,2803
55656,2014-07-12T00:00:00.000+05:30,2815
67746,2013-10-27T00:00:00.000+05:30,2815
7883,2013-09-11T00:00:00.000+05:30,2844
41944,2014-04-09T00:00:00.000+05:30,2865
20860,2013-11-30T00:00:00.000+05:30,2913
42375,2014-04-12T00:00:00.000+05:30,2914
32979,2014-02-13T00:00:00.000+05:30,2930
32047,2014-02-08T00:00:00.000+05:30,2959
28625,2014-01-17T00:00:00.000+05:30,2992
46864,2014-05-11T00:00:00.000+05:30,3066
37722,2014-03-14T00:00:00.000+05:30,3069
46893,2014-05-11T00:00:00.000+05:30,3105
2170,2013-08-06T00:00:00.000+05:30,3116
15897,2013-11-03T00:00:00.000+05:30,3123
14290,2013-10-23T00:00:00.000+05:30,3136
19976,2013-11-25T00:00:00.000+05:30,3157
63406,2014-02-23T00:00:00.000+05:30,3162
21073,2013-12-01T00:00:00.000+05:30,3163
49010,2014-05-26T00:00:00.000+05:30,3179
30147,2014-01-28T00:00:00.000+05:30,3238
25698,2013-12-31T00:00:00.000+05:30,3286
61839,2013-12-28T00:00:00.000+05:30,3301
35451,2014-02-28T00:00:00.000+05:30,3481
66592,2014-06-24T00:00:00.000+05:30,3529
47389,2014-05-14T00:00:00.000+05:30,3547
33502,2014-02-16T00:00:00.000+05:30,3586
54014,2014-07-01T00:00:00.000+05:30,3666
60711,2013-11-18T00:00:00.000+05:30,3669
50849,2014-06-08T00:00:00.000+05:30,3673
19959,2013-11-25T00:00:00.000+05:30,3679
41051,2014-04-03T00:00:00.000+05:30,3696
60985,2013-11-26T00:00:00.000+05:30,3698
1849,2013-08-03T00:00:00.000+05:30,3757
16561,2013-11-06T00:00:00.000+05:30,3782
26581,2014-01-05T00:00:00.000+05:30,3852
28487,2014-01-16T00:00:00.000+05:30,3929
25718,2013-12-31T00:00:00.000+05:30,3931
13014,2013-10-13T00:00:00.000+05:30,3934
25109,2013-12-27T00:00:00.000+05:30,4015
38358,2014-03-18T00:00:00.000+05:30,4038
17257,2013-11-09T00:00:00.000+05:30,4121
39157,2014-03-23T00:00:00.000+05:30,4124
37529,2014-03-13T00:00:00.000+05:30,4295
26911,2014-01-08T00:00:00.000+05:30,4306
2559,2013-08-07T00:00:00.000+05:30,4308
53261,2014-06-25T00:00:00.000+05:30,4392
62939,2014-02-07T00:00:00.000+05:30,4401
3991,2013-08-17T00:00:00.000+05:30,4414
27999,2014-01-14T00:00:00.000+05:30,4428
34799,2014-02-24T00:00:00.000+05:30,4439
60527,2013-11-10T00:00:00.000+05:30,4455
10570,2013-09-28T00:00:00.000+05:30,4465
19361,2013-11-22T00:00:00.000+05:30,4477
33527,2014-02-16T00:00:00.000+05:30,4492
61952,2014-01-03T00:00:00.000+05:30,4529
52470,2014-06-19T00:00:00.000+05:30,4538
41839,2014-04-09T00:00:00.000+05:30,4595
64686,2014-04-15T00:00:00.000+05:30,4759
30202,2014-01-28T00:00:00.000+05:30,4812
62566,2014-01-24T00:00:00.000+05:30,4849
9874,2013-09-25T00:00:00.000+05:30,4882
65672,2014-05-22T00:00:00.000+05:30,4921
59806,2013-10-13T00:00:00.000+05:30,4939
58511,2013-08-23T00:00:00.000+05:30,4979
15009,2013-10-28T00:00:00.000+05:30,5064
10290,2013-09-26T00:00:00.000+05:30,5104
42319,2014-04-11T00:00:00.000+05:30,5105
9778,2013-09-24T00:00:00.000+05:30,5122
23731,2013-12-19T00:00:00.000+05:30,5122
54115,2014-07-01T00:00:00.000+05:30,5137
44396,2014-04-26T00:00:00.000+05:30,5141
41497,2014-04-06T00:00:00.000+05:30,5143
45303,2014-05-02T00:00:00.000+05:30,5148
66986,2014-07-09T00:00:00.000+05:30,5148
68467,2014-05-18T00:00:00.000+05:30,5214
50,2013-07-25T00:00:00.000+05:30,5225
9771,2013-09-24T00:00:00.000+05:30,5225
55903,2014-07-13T00:00:00.000+05:30,5294
65436,2014-05-12T00:00:00.000+05:30,5343
29452,2014-01-22T00:00:00.000+05:30,5368
112,2013-07-26T00:00:00.000+05:30,5375
9419,2013-09-22T00:00:00.000+05:30,5416
57427,2014-07-22T00:00:00.000+05:30,5464
62842,2014-02-04T00:00:00.000+05:30,5501
36446,2014-03-05T00:00:00.000+05:30,5509
35015,2014-02-25T00:00:00.000+05:30,5510
9702,2013-09-24T00:00:00.000+05:30,5527
49846,2014-06-01T00:00:00.000+05:30,5561
8518,2013-09-16T00:00:00.000+05:30,5582
32070,2014-02-08T00:00:00.000+05:30,5613
48954,2014-05-25T00:00:00.000+05:30,5674
17363,2013-11-10T00:00:00.000+05:30,5707
46539,2014-05-09T00:00:00.000+05:30,5710
66909,2014-07-06T00:00:00.000+05:30,5711
36483,2014-03-06T00:00:00.000+05:30,5752
15716,2013-11-02T00:00:00.000+05:30,5804
13939,2013-10-20T00:00:00.000+05:30,5854
19445,2013-11-23T00:00:00.000+05:30,5870
57327,2014-07-21T00:00:00.000+05:30,5879
22288,2013-12-08T00:00:00.000+05:30,6016
11274,2013-10-02T00:00:00.000+05:30,6017
16298,2013-11-04T00:00:00.000+05:30,6080
58133,2013-08-09T00:00:00.000+05:30,6144
23518,2013-12-18T00:00:00.000+05:30,6242
36717,2014-03-07T00:00:00.000+05:30,6248
19102,2013-11-20T00:00:00.000+05:30,6254
61872,2013-12-30T00:00:00.000+05:30,6261
48162,2014-05-19T00:00:00.000+05:30,6395
15559,2013-11-01T00:00:00.000+05:30,6431
44735,2014-04-27T00:00:00.000+05:30,6442
20028,2013-11-26T00:00:00.000+05:30,6509
64240,2014-03-30T00:00:00.000+05:30,6547
45334,2014-05-02T00:00:00.000+05:30,6641
68767,2013-12-11T00:00:00.000+05:30,6671
11770,2013-10-05T00:00:00.000+05:30,6688
11581,2013-10-04T00:00:00.000+05:30,6732
64626,2014-04-13T00:00:00.000+05:30,6755
11312,2013-10-02T00:00:00.000+05:30,6805
16076,2013-11-03T00:00:00.000+05:30,6833
28596,2014-01-17T00:00:00.000+05:30,6866
31604,2014-02-06T00:00:00.000+05:30,6890
45282,2014-05-02T00:00:00.000+05:30,6897
10375,2013-09-27T00:00:00.000+05:30,6929
9720,2013-09-24T00:00:00.000+05:30,6953
60321,2013-11-02T00:00:00.000+05:30,6953
28929,2014-01-20T00:00:00.000+05:30,6970
22508,2013-12-10T00:00:00.000+05:30,7071
37457,2014-03-12T00:00:00.000+05:30,7109
41517,2014-04-07T00:00:00.000+05:30,7133
60190,2013-10-29T00:00:00.000+05:30,7133
16807,2013-11-07T00:00:00.000+05:30,7157
28431,2014-01-16T00:00:00.000+05:30,7157
40608,2014-04-01T00:00:00.000+05:30,7191
1497,2013-08-01T00:00:00.000+05:30,7193
40776,2014-04-02T00:00:00.000+05:30,7200
9688,2013-09-24T00:00:00.000+05:30,7237
25035,2013-12-26T00:00:00.000+05:30,7279
51518,2014-06-13T00:00:00.000+05:30,7335
49821,2014-06-01T00:00:00.000+05:30,7343
17068,2013-11-08T00:00:00.000+05:30,7411
28356,2014-01-16T00:00:00.000+05:30,7439
51652,2014-06-14T00:00:00.000+05:30,7439
48427,2014-05-21T00:00:00.000+05:30,7462
53024,2014-06-24T00:00:00.000+05:30,7471
19011,2013-11-20T00:00:00.000+05:30,7617
46385,2014-05-09T00:00:00.000+05:30,7627
6898,2013-09-06T00:00:00.000+05:30,7722
31207,2014-02-03T00:00:00.000+05:30,7722
44150,2014-04-25T00:00:00.000+05:30,7732
64525,2014-04-09T00:00:00.000+05:30,7732
49085,2014-05-26T00:00:00.000+05:30,7761
7770,2013-09-10T00:00:00.000+05:30,7762
37958,2014-03-15T00:00:00.000+05:30,7783
12330,2013-10-08T00:00:00.000+05:30,7794
49666,2014-05-31T00:00:00.000+05:30,7838
8572,2013-09-17T00:00:00.000+05:30,7852
51358,2014-06-12T00:00:00.000+05:30,7975
10850,2013-09-30T00:00:00.000+05:30,7977
52660,2014-06-20T00:00:00.000+05:30,7981
46666,2014-05-10T00:00:00.000+05:30,7990
12462,2013-10-09T00:00:00.000+05:30,8015
50002,2014-06-02T00:00:00.000+05:30,8037
14114,2013-10-21T00:00:00.000+05:30,8082
62029,2014-01-06T00:00:00.000+05:30,8149
36447,2014-03-05T00:00:00.000+05:30,8167
8437,2013-09-15T00:00:00.000+05:30,8183
39585,2014-03-26T00:00:00.000+05:30,8217
21976,2013-12-06T00:00:00.000+05:30,8220
38954,2014-03-22T00:00:00.000+05:30,8280
8349,2013-09-14T00:00:00.000+05:30,8312
9784,2013-09-24T00:00:00.000+05:30,8352
19913,2013-11-25T00:00:00.000+05:30,8377
16816,2013-11-07T00:00:00.000+05:30,8405
59110,2013-09-16T00:00:00.000+05:30,8425
26055,2014-01-02T00:00:00.000+05:30,8430
33755,2014-02-18T00:00:00.000+05:30,8461
3616,2013-08-15T00:00:00.000+05:30,8508
13929,2013-10-20T00:00:00.000+05:30,8508
1365,2013-08-01T00:00:00.000+05:30,8567
52236,2014-06-17T00:00:00.000+05:30,8605
46558,2014-05-09T00:00:00.000+05:30,8706
46883,2014-05-11T00:00:00.000+05:30,8723
35896,2014-03-03T00:00:00.000+05:30,8724
16106,2013-11-04T00:00:00.000+05:30,8732
23475,2013-12-18T00:00:00.000+05:30,8806
67380,2014-07-23T00:00:00.000+05:30,8841
23836,2013-12-20T00:00:00.000+05:30,8858
55314,2014-07-10T00:00:00.000+05:30,8878
15320,2013-10-31T00:00:00.000+05:30,8892
52098,2014-06-16T00:00:00.000+05:30,8914
28951,2014-01-20T00:00:00.000+05:30,9020
62175,2014-01-10T00:00:00.000+05:30,9062
48985,2014-05-25T00:00:00.000+05:30,9087
23340,2013-12-16T00:00:00.000+05:30,9105
33829,2014-02-18T00:00:00.000+05:30,9138
27944,2014-01-14T00:00:00.000+05:30,9141
46956,2014-05-12T00:00:00.000+05:30,9208
30274,2014-01-29T00:00:00.000+05:30,9273
54474,2014-07-04T00:00:00.000+05:30,9280
9327,2013-09-21T00:00:00.000+05:30,9283
35651,2014-03-01T00:00:00.000+05:30,9294
8383,2013-09-15T00:00:00.000+05:30,9300
2371,2013-08-06T00:00:00.000+05:30,9332
35780,2014-03-01T00:00:00.000+05:30,9339
29227,2014-01-21T00:00:00.000+05:30,9367
50456,2014-06-06T00:00:00.000+05:30,9400
11584,2013-10-04T00:00:00.000+05:30,9412
55895,2014-07-13T00:00:00.000+05:30,9480
9613,2013-09-23T00:00:00.000+05:30,9489
27742,2014-01-12T00:00:00.000+05:30,9495
46422,2014-05-09T00:00:00.000+05:30,9502
49968,2014-06-02T00:00:00.000+05:30,9522
62610,2014-01-26T00:00:00.000+05:30,9527
65900,2014-06-02T00:00:00.000+05:30,9541
2334,2013-08-06T00:00:00.000+05:30,9674
3687,2013-08-15T00:00:00.000+05:30,9688
56476,2014-07-17T00:00:00.000+05:30,9698
15432,2013-10-31T00:00:00.000+05:30,9744
5872,2013-08-30T00:00:00.000+05:30,9746
15484,2013-10-31T00:00:00.000+05:30,9772
31145,2014-02-02T00:00:00.000+05:30,9803
5787,2013-08-29T00:00:00.000+05:30,9813
65880,2014-06-01T00:00:00.000+05:30,9860
5344,2013-08-26T00:00:00.000+05:30,9893
62840,2014-02-04T00:00:00.000+05:30,9906
21030,2013-12-01T00:00:00.000+05:30,9914
9178,2013-09-20T00:00:00.000+05:30,9959
23425,2013-12-17T00:00:00.000+05:30,9967
59713,2013-10-10T00:00:00.000+05:30,9998
15621,2013-11-01T00:00:00.000+05:30,10003
26653,2014-01-06T00:00:00.000+05:30,10104
33625,2014-02-17T00:00:00.000+05:30,10135
25880,2014-01-01T00:00:00.000+05:30,10146
9927,2013-09-25T00:00:00.000+05:30,10231
26989,2014-01-09T00:00:00.000+05:30,10233
44998,2014-04-29T00:00:00.000+05:30,10250
20630,2013-11-29T00:00:00.000+05:30,10257
6265,2013-09-02T00:00:00.000+05:30,10268
16923,2013-11-07T00:00:00.000+05:30,10474
52820,2014-06-22T00:00:00.000+05:30,10487
17135,2013-11-09T00:00:00.000+05:30,10495
13298,2013-10-14T00:00:00.000+05:30,10549
29294,2014-01-21T00:00:00.000+05:30,10549
28386,2014-01-16T00:00:00.000+05:30,10553
66764,2014-06-30T00:00:00.000+05:30,10577
47686,2014-05-16T00:00:00.000+05:30,10591
12571,2013-10-10T00:00:00.000+05:30,10660
66227,2014-06-11T00:00:00.000+05:30,10740
4477,2013-08-21T00:00:00.000+05:30,10761
49578,2014-05-30T00:00:00.000+05:30,10802
56120,2014-07-15T00:00:00.000+05:30,10854
54900,2014-07-07T00:00:00.000+05:30,10869
2053,2013-08-05T00:00:00.000+05:30,10902
30146,2014-01-28T00:00:00.000+05:30,10980
7187,2013-09-07T00:00:00.000+05:30,11070
18869,2013-11-19T00:00:00.000+05:30,11100
34625,2014-02-23T00:00:00.000+05:30,11116
43193,2014-04-18T00:00:00.000+05:30,11120
67556,2013-08-30T00:00:00.000+05:30,11199
68426,2014-05-07T00:00:00.000+05:30,11361
22443,2013-12-10T00:00:00.000+05:30,11374
20422,2013-11-28T00:00:00.000+05:30,11494
8971,2013-09-19T00:00:00.000+05:30,11500
46417,2014-05-09T00:00:00.000+05:30,11509
24780,2013-12-25T00:00:00.000+05:30,11526
61566,2013-12-18T00:00:00.000+05:30,11557
19064,2013-11-20T00:00:00.000+05:30,11586
19047,2013-11-20T00:00:00.000+05:30,11606
44625,2014-04-27T00:00:00.000+05:30,11611
21371,2013-12-03T00:00:00.000+05:30,11719
20640,2013-11-29T00:00:00.000+05:30,11735
49816,2014-06-01T00:00:00.000+05:30,11738
10936,2013-09-30T00:00:00.000+05:30,11822
29148,2014-01-21T00:00:00.000+05:30,11875
14000,2013-10-20T00:00:00.000+05:30,11915
33117,2014-02-14T00:00:00.000+05:30,11919
45842,2014-05-05T00:00:00.000+05:30,11924
1186,2013-07-31T00:00:00.000+05:30,11947
17595,2013-11-11T00:00:00.000+05:30,12006
43139,2014-04-18T00:00:00.000+05:30,12007
5920,2013-08-30T00:00:00.000+05:30,12056
45395,2014-05-02T00:00:00.000+05:30,12111
21154,2013-12-02T00:00:00.000+05:30,12133
48876,2014-05-24T00:00:00.000+05:30,12155
34262,2014-02-20T00:00:00.000+05:30,12169
24608,2013-12-24T00:00:00.000+05:30,12213
52618,2014-06-19T00:00:00.000+05:30,12222
52037,2014-06-16T00:00:00.000+05:30,12261
4754,2013-08-23T00:00:00.000+05:30,12287
25473,2013-12-30T00:00:00.000+05:30,12290
9898,2013-09-25T00:00:00.000+05:30,12296
6231,2013-09-02T00:00:00.000+05:30,12347
1190,2013-07-31T00:00:00.000+05:30,12360
34677,2014-02-24T00:00:00.000+05:30,12360
54290,2014-07-03T00:00:00.000+05:30,12424
3774,2013-08-16T00:00:00.000+05:30,12431
